Probe Number,RTT [ms],Probe Send Time,IP Address,Hostname,TTL,AS Number,AS Name,Country Name,Country Code,Time Zone,Region,City,Latitude,Longitude
1,168.5,11:44:30,40.124.132.228,,49,AS8075,MICROSOFT-CORP-MSN-AS-BLOCK,United States,US,America/Chicago,TX,San Antonio,29.42,-98.49
2,122.9,11:44:31,40.124.132.228,,49,AS8075,MICROSOFT-CORP-MSN-AS-BLOCK,United States,US,America/Chicago,TX,San Antonio,29.42,-98.49
3,161.1,11:44:32,40.124.132.228,,49,AS8075,MICROSOFT-CORP-MSN-AS-BLOCK,United States,US,America/Chicago,TX,San Antonio,29.42,-98.49
4,123.8,11:44:33,40.124.132.228,,49,AS8075,MICROSOFT-CORP-MSN-AS-BLOCK,United States,US,America/Chicago,TX,San Antonio,29.42,-98.49
5,163.6,11:44:34,40.124.132.228,,49,AS8075,MICROSOFT-CORP-MSN-AS-BLOCK,United States,US,America/Chicago,TX,San Antonio,29.42,-98.49
6,118.2,11:44:35,40.124.132.228,,49,AS8075,MICROSOFT-CORP-MSN-AS-BLOCK,United States,US,America/Chicago,TX,San Antonio,29.42,-98.49
7,159.7,11:44:36,40.124.132.228,,49,AS8075,MICROSOFT-CORP-MSN-AS-BLOCK,United States,US,America/Chicago,TX,San Antonio,29.42,-98.49
8,121.2,11:44:37,40.124.132.228,,49,AS8075,MICROSOFT-CORP-MSN-AS-BLOCK,United States,US,America/Chicago,TX,San Antonio,29.42,-98.49
9,155.5,11:44:38,40.124.132.228,,49,AS8075,MICROSOFT-CORP-MSN-AS-BLOCK,United States,US,America/Chicago,TX,San Antonio,29.42,-98.49
10,114.5,11:44:39,40.124.132.228,,49,AS8075,MICROSOFT-CORP-MSN-AS-BLOCK,United States,US,America/Chicago,TX,San Antonio,29.42,-98.49
11,151.8,11:44:40,40.124.132.228,,49,AS8075,MICROSOFT-CORP-MSN-AS-BLOCK,United States,US,America/Chicago,TX,San Antonio,29.42,-98.49
12,109.7,11:44:41,40.124.132.228,,49,AS8075,MICROSOFT-CORP-MSN-AS-BLOCK,United States,US,America/Chicago,TX,San Antonio,29.42,-98.49
13,147.5,11:44:42,40.124.132.228,,49,AS8075,MICROSOFT-CORP-MSN-AS-BLOCK,United States,US,America/Chicago,TX,San Antonio,29.42,-98.49
14,105.8,11:44:43,40.124.132.228,,49,AS8075,MICROSOFT-CORP-MSN-AS-BLOCK,United States,US,America/Chicago,TX,San Antonio,29.42,-98.49
15,146.3,11:44:44,40.124.132.228,,49,AS8075,MICROSOFT-CORP-MSN-AS-BLOCK,United States,US,America/Chicago,TX,San Antonio,29.42,-98.49
16,100.0,11:44:45,40.124.132.228,,49,AS8075,MICROSOFT-CORP-MSN-AS-BLOCK,United States,US,America/Chicago,TX,San Antonio,29.42,-98.49
17,140.5,11:44:46,40.124.132.228,,49,AS8075,MICROSOFT-CORP-MSN-AS-BLOCK,United States,US,America/Chicago,TX,San Antonio,29.42,-98.49
18,93.2,11:44:47,40.124.132.228,,49,AS8075,MICROSOFT-CORP-MSN-AS-BLOCK,United States,US,America/Chicago,TX,San Antonio,29.42,-98.49
19,133.7,11:44:48,40.124.132.228,,49,AS8075,MICROSOFT-CORP-MSN-AS-BLOCK,United States,US,America/Chicago,TX,San Antonio,29.42,-98.49
20,95.6,11:44:49,40.124.132.228,,49,AS8075,MICROSOFT-CORP-MSN-AS-BLOCK,United States,US,America/Chicago,TX,San Antonio,29.42,-98.49
21,134.0,11:44:50,40.124.132.228,,49,AS8075,MICROSOFT-CORP-MSN-AS-BLOCK,United States,US,America/Chicago,TX,San Antonio,29.42,-98.49
22,93.3,11:44:51,40.124.132.228,,49,AS8075,MICROSOFT-CORP-MSN-AS-BLOCK,United States,US,America/Chicago,TX,San Antonio,29.42,-98.49
23,132.3,11:44:52,40.124.132.228,,49,AS8075,MICROSOFT-CORP-MSN-AS-BLOCK,United States,US,America/Chicago,TX,San Antonio,29.42,-98.49
24,170.0,11:44:53,40.124.132.228,,49,AS8075,MICROSOFT-CORP-MSN-AS-BLOCK,United States,US,America/Chicago,TX,San Antonio,29.42,-98.49
25,125.7,11:44:54,40.124.132.228,,49,AS8075,MICROSOFT-CORP-MSN-AS-BLOCK,United States,US,America/Chicago,TX,San Antonio,29.42,-98.49
26,165.9,11:44:55,40.124.132.228,,49,AS8075,MICROSOFT-CORP-MSN-AS-BLOCK,United States,US,America/Chicago,TX,San Antonio,29.42,-98.49
27,122.9,11:44:56,40.124.132.228,,49,AS8075,MICROSOFT-CORP-MSN-AS-BLOCK,United States,US,America/Chicago,TX,San Antonio,29.42,-98.49
28,158.9,11:44:57,40.124.132.228,,49,AS8075,MICROSOFT-CORP-MSN-AS-BLOCK,United States,US,America/Chicago,TX,San Antonio,29.42,-98.49
29,117.2,11:44:58,40.124.132.228,,49,AS8075,MICROSOFT-CORP-MSN-AS-BLOCK,United States,US,America/Chicago,TX,San Antonio,29.42,-98.49
30,161.4,11:44:59,40.124.132.228,,49,AS8075,MICROSOFT-CORP-MSN-AS-BLOCK,United States,US,America/Chicago,TX,San Antonio,29.42,-98.49
