Probe Number,RTT [ms],Probe Send Time,TTL,Country Name,Country Code,Time Zone
1,118,11:36:42,49,United States,US,America/Los_Angeles
2,153.3,11:36:43,49,United States,US,America/Los_Angeles
3,115.1,11:36:44,49,United States,US,America/Los_Angeles
4,147.1,11:36:45,49,United States,US,America/Los_Angeles
5,110.1,11:36:46,49,United States,US,America/Los_Angeles
6,149.7,11:36:47,49,United States,US,America/Los_Angeles
7,108.7,11:36:48,49,United States,US,America/Los_Angeles
8,142.7,11:36:49,49,United States,US,America/Los_Angeles
9,104.8,11:36:50,49,United States,US,America/Los_Angeles
10,146.6,11:36:51,49,United States,US,America/Los_Angeles
11,100.7,11:36:52,49,United States,US,America/Los_Angeles
12,140.2,11:36:53,49,United States,US,America/Los_Angeles
13,97.9,11:36:54,49,United States,US,America/Los_Angeles
14,134.9,11:36:55,49,United States,US,America/Los_Angeles
15,90.9,11:36:56,49,United States,US,America/Los_Angeles
16,132.1,11:36:57,49,United States,US,America/Los_Angeles
17,92.7,11:36:58,49,United States,US,America/Los_Angeles
18,126.6,11:36:59,49,United States,US,America/Los_Angeles
19,169.5,11:37:00,49,United States,US,America/Los_Angeles
20,127.6,11:37:01,49,United States,US,America/Los_Angeles
21,166.1,11:37:02,49,United States,US,America/Los_Angeles
22,119.9,11:37:03,49,United States,US,America/Los_Angeles
23,163.7,11:37:04,49,United States,US,America/Los_Angeles
24,121.7,11:37:05,49,United States,US,America/Los_Angeles
25,160.2,11:37:06,49,United States,US,America/Los_Angeles
26,117.8,11:37:07,49,United States,US,America/Los_Angeles
27,155.8,11:37:08,49,United States,US,America/Los_Angeles
28,193.9,11:37:09,49,United States,US,America/Los_Angeles
29,150.4,11:37:10,49,United States,US,America/Los_Angeles
30,107.9,11:37:11,49,United States,US,America/Los_Angeles
