timestamp,website_url,successful_or_not,har_path,tcpdump_path,screeshot_path,log-info
20201227-120251,http://google.com,true,./data/12-27-2020/har-file/20201227-120205/us_alexa_google-0-20201227-120205.har,./data/12-27-2020/tcpdump-file/20201227-120205/us_alexa_google-0-20201227-120205.pcap,./data/12-27-2020/screenshot-file/20201227-120205/us_alexa_google-0-20201227-120205.png,- [90mhttp[39m[90m:[39m[90m/[39m[90m/[39m[1mgoogle.com[22m[90m/[39m [32mâœ“[39m [32m[39m
20201227-120301,http://youtube.com,true,./data/12-27-2020/har-file/20201227-120205/us_alexa_youtube-0-20201227-120205.har,./data/12-27-2020/tcpdump-file/20201227-120205/us_alexa_youtube-0-20201227-120205.pcap,./data/12-27-2020/screenshot-file/20201227-120205/us_alexa_youtube-0-20201227-120205.png,- [90mhttp[39m[90m:[39m[90m/[39m[90m/[39m[1myoutube.com[22m[90m/[39m [32mâœ“[39m [32m[39m
20201227-120311,http://amazon.com,true,./data/12-27-2020/har-file/20201227-120205/us_alexa_amazon-0-20201227-120205.har,./data/12-27-2020/tcpdump-file/20201227-120205/us_alexa_amazon-0-20201227-120205.pcap,./data/12-27-2020/screenshot-file/20201227-120205/us_alexa_amazon-0-20201227-120205.png,- [90mhttp[39m[90m:[39m[90m/[39m[90m/[39m[1mamazon.com[22m[90m/[39m [32mâœ“[39m [32m[39m
20201227-120322,http://yahoo.com,true,./data/12-27-2020/har-file/20201227-120205/us_alexa_yahoo-0-20201227-120205.har,./data/12-27-2020/tcpdump-file/20201227-120205/us_alexa_yahoo-0-20201227-120205.pcap,./data/12-27-2020/screenshot-file/20201227-120205/us_alexa_yahoo-0-20201227-120205.png,- [90mhttp[39m[90m:[39m[90m/[39m[90m/[39m[1myahoo.com[22m[90m/[39m [32mâœ“[39m [32m[39m
20201227-120332,http://facebook.com,true,./data/12-27-2020/har-file/20201227-120205/us_alexa_facebook-0-20201227-120205.har,./data/12-27-2020/tcpdump-file/20201227-120205/us_alexa_facebook-0-20201227-120205.pcap,./data/12-27-2020/screenshot-file/20201227-120205/us_alexa_facebook-0-20201227-120205.png,- [90mhttp[39m[90m:[39m[90m/[39m[90m/[39m[1mfacebook.com[22m[90m/[39m [32mâœ“[39m [32m[39m
20201227-120343,http://zoom.us,true,./data/12-27-2020/har-file/20201227-120205/us_alexa_zoom-0-20201227-120205.har,./data/12-27-2020/tcpdump-file/20201227-120205/us_alexa_zoom-0-20201227-120205.pcap,./data/12-27-2020/screenshot-file/20201227-120205/us_alexa_zoom-0-20201227-120205.png,- [90mhttp[39m[90m:[39m[90m/[39m[90m/[39m[1mzoom.us[22m[90m/[39m [32mâœ“[39m [32m[39m
20201227-120354,http://reddit.com,true,./data/12-27-2020/har-file/20201227-120205/us_alexa_reddit-0-20201227-120205.har,./data/12-27-2020/tcpdump-file/20201227-120205/us_alexa_reddit-0-20201227-120205.pcap,./data/12-27-2020/screenshot-file/20201227-120205/us_alexa_reddit-0-20201227-120205.png,- [90mhttp[39m[90m:[39m[90m/[39m[90m/[39m[1mreddit.com[22m[90m/[39m [32mâœ“[39m [32m[39m
20201227-120403,http://wikipedia.org,true,./data/12-27-2020/har-file/20201227-120205/us_alexa_wikipedia-0-20201227-120205.har,./data/12-27-2020/tcpdump-file/20201227-120205/us_alexa_wikipedia-0-20201227-120205.pcap,./data/12-27-2020/screenshot-file/20201227-120205/us_alexa_wikipedia-0-20201227-120205.png,- [90mhttp[39m[90m:[39m[90m/[39m[90m/[39m[1mwikipedia.org[22m[90m/[39m [32mâœ“[39m [32m[39m
20201227-120412,http://myshopify.com,true,./data/12-27-2020/har-file/20201227-120205/us_alexa_myshopify-0-20201227-120205.har,./data/12-27-2020/tcpdump-file/20201227-120205/us_alexa_myshopify-0-20201227-120205.pcap,./data/12-27-2020/screenshot-file/20201227-120205/us_alexa_myshopify-0-20201227-120205.png,- [90mhttp[39m[90m:[39m[90m/[39m[90m/[39m[1mmyshopify.com[22m[90m/[39m [32mâœ“[39m [32m[39m
20201227-120422,http://ebay.com,true,./data/12-27-2020/har-file/20201227-120205/us_alexa_ebay-0-20201227-120205.har,./data/12-27-2020/tcpdump-file/20201227-120205/us_alexa_ebay-0-20201227-120205.pcap,./data/12-27-2020/screenshot-file/20201227-120205/us_alexa_ebay-0-20201227-120205.png,- [90mhttp[39m[90m:[39m[90m/[39m[90m/[39m[1mebay.com[22m[90m/[39m [32mâœ“[39m [32m[39m
20201227-120432,http://office.com,true,./data/12-27-2020/har-file/20201227-120205/us_alexa_office-0-20201227-120205.har,./data/12-27-2020/tcpdump-file/20201227-120205/us_alexa_office-0-20201227-120205.pcap,./data/12-27-2020/screenshot-file/20201227-120205/us_alexa_office-0-20201227-120205.png,- [90mhttp[39m[90m:[39m[90m/[39m[90m/[39m[1moffice.com[22m[90m/[39m [32mâœ“[39m [32m[39m
20201227-120445,http://netflix.com,true,./data/12-27-2020/har-file/20201227-120205/us_alexa_netflix-0-20201227-120205.har,./data/12-27-2020/tcpdump-file/20201227-120205/us_alexa_netflix-0-20201227-120205.pcap,./data/12-27-2020/screenshot-file/20201227-120205/us_alexa_netflix-0-20201227-120205.png,- [90mhttp[39m[90m:[39m[90m/[39m[90m/[39m[1mnetflix.com[22m[90m/[39m [32mâœ“[39m [32m[39m
20201227-120456,http://live.com,true,./data/12-27-2020/har-file/20201227-120205/us_alexa_live-0-20201227-120205.har,./data/12-27-2020/tcpdump-file/20201227-120205/us_alexa_live-0-20201227-120205.pcap,./data/12-27-2020/screenshot-file/20201227-120205/us_alexa_live-0-20201227-120205.png,- [90mhttp[39m[90m:[39m[90m/[39m[90m/[39m[1mlive.com[22m[90m/[39m [32mâœ“[39m [32m[39m
20201227-120504,http://bing.com,true,./data/12-27-2020/har-file/20201227-120205/us_alexa_bing-0-20201227-120205.har,./data/12-27-2020/tcpdump-file/20201227-120205/us_alexa_bing-0-20201227-120205.pcap,./data/12-27-2020/screenshot-file/20201227-120205/us_alexa_bing-0-20201227-120205.png,- [90mhttp[39m[90m:[39m[90m/[39m[90m/[39m[1mbing.com[22m[90m/[39m [32mâœ“[39m [32m[39m
20201227-120518,http://walmart.com,true,./data/12-27-2020/har-file/20201227-120205/us_alexa_walmart-0-20201227-120205.har,./data/12-27-2020/tcpdump-file/20201227-120205/us_alexa_walmart-0-20201227-120205.pcap,./data/12-27-2020/screenshot-file/20201227-120205/us_alexa_walmart-0-20201227-120205.png,- [90mhttp[39m[90m:[39m[90m/[39m[90m/[39m[1mwalmart.com[22m[90m/[39m [32mâœ“[39m [32m[39m
20201227-120528,http://microsoft.com,true,./data/12-27-2020/har-file/20201227-120205/us_alexa_microsoft-0-20201227-120205.har,./data/12-27-2020/tcpdump-file/20201227-120205/us_alexa_microsoft-0-20201227-120205.pcap,./data/12-27-2020/screenshot-file/20201227-120205/us_alexa_microsoft-0-20201227-120205.png,- [90mhttp[39m[90m:[39m[90m/[39m[90m/[39m[1mmicrosoft.com[22m[90m/[39m [32mâœ“[39m [32m[39m
20201227-120541,http://etsy.com,true,./data/12-27-2020/har-file/20201227-120205/us_alexa_etsy-0-20201227-120205.har,./data/12-27-2020/tcpdump-file/20201227-120205/us_alexa_etsy-0-20201227-120205.pcap,./data/12-27-2020/screenshot-file/20201227-120205/us_alexa_etsy-0-20201227-120205.png,- [90mhttp[39m[90m:[39m[90m/[39m[90m/[39m[1metsy.com[22m[90m/[39m [32mâœ“[39m [32m[39m
20201227-120552,http://twitch.tv,true,./data/12-27-2020/har-file/20201227-120205/us_alexa_twitch-0-20201227-120205.har,./data/12-27-2020/tcpdump-file/20201227-120205/us_alexa_twitch-0-20201227-120205.pcap,./data/12-27-2020/screenshot-file/20201227-120205/us_alexa_twitch-0-20201227-120205.png,- [90mhttp[39m[90m:[39m[90m/[39m[90m/[39m[1mtwitch.tv[22m[90m/[39m [32mâœ“[39m [32m[39m
20201227-120604,http://instructure.com,true,./data/12-27-2020/har-file/20201227-120205/us_alexa_instructure-0-20201227-120205.har,./data/12-27-2020/tcpdump-file/20201227-120205/us_alexa_instructure-0-20201227-120205.pcap,./data/12-27-2020/screenshot-file/20201227-120205/us_alexa_instructure-0-20201227-120205.png,- [90mhttp[39m[90m:[39m[90m/[39m[90m/[39m[1minstructure.com[22m[90m/[39m [32mâœ“[39m [32m[39m
20201227-120614,http://apple.com,true,./data/12-27-2020/har-file/20201227-120205/us_alexa_apple-0-20201227-120205.har,./data/12-27-2020/tcpdump-file/20201227-120205/us_alexa_apple-0-20201227-120205.pcap,./data/12-27-2020/screenshot-file/20201227-120205/us_alexa_apple-0-20201227-120205.png,- [90mhttp[39m[90m:[39m[90m/[39m[90m/[39m[1mapple.com[22m[90m/[39m [32mâœ“[39m [32m[39m
20201227-120626,http://chaturbate.com,true,./data/12-27-2020/har-file/20201227-120205/us_alexa_chaturbate-0-20201227-120205.har,./data/12-27-2020/tcpdump-file/20201227-120205/us_alexa_chaturbate-0-20201227-120205.pcap,./data/12-27-2020/screenshot-file/20201227-120205/us_alexa_chaturbate-0-20201227-120205.png,- [90mhttp[39m[90m:[39m[90m/[39m[90m/[39m[1mchaturbate.com[22m[90m/[39m [32mâœ“[39m [32m[39m
20201227-120635,http://instagram.com,true,./data/12-27-2020/har-file/20201227-120205/us_alexa_instagram-0-20201227-120205.har,./data/12-27-2020/tcpdump-file/20201227-120205/us_alexa_instagram-0-20201227-120205.pcap,./data/12-27-2020/screenshot-file/20201227-120205/us_alexa_instagram-0-20201227-120205.png,- [90mhttp[39m[90m:[39m[90m/[39m[90m/[39m[1minstagram.com[22m[90m/[39m [32mâœ“[39m [32m[39m
20201227-120645,http://chase.com,true,./data/12-27-2020/har-file/20201227-120205/us_alexa_chase-0-20201227-120205.har,./data/12-27-2020/tcpdump-file/20201227-120205/us_alexa_chase-0-20201227-120205.pcap,./data/12-27-2020/screenshot-file/20201227-120205/us_alexa_chase-0-20201227-120205.png,- [90mhttp[39m[90m:[39m[90m/[39m[90m/[39m[1mchase.com[22m[90m/[39m [32mâœ“[39m [32m[39m
20201227-120657,http://espn.com,true,./data/12-27-2020/har-file/20201227-120205/us_alexa_espn-0-20201227-120205.har,./data/12-27-2020/tcpdump-file/20201227-120205/us_alexa_espn-0-20201227-120205.pcap,./data/12-27-2020/screenshot-file/20201227-120205/us_alexa_espn-0-20201227-120205.png,- [90mhttp[39m[90m:[39m[90m/[39m[90m/[39m[1mespn.com[22m[90m/[39m [32mâœ“[39m [32m[39m
20201227-120715,http://cnn.com,true,./data/12-27-2020/har-file/20201227-120205/us_alexa_cnn-0-20201227-120205.har,./data/12-27-2020/tcpdump-file/20201227-120205/us_alexa_cnn-0-20201227-120205.pcap,./data/12-27-2020/screenshot-file/20201227-120205/us_alexa_cnn-0-20201227-120205.png,- [90mhttp[39m[90m:[39m[90m/[39m[90m/[39m[1mcnn.com[22m[90m/[39m [32mâœ“[39m [32m[39m
20201227-120823,http://microsoftonline.com,false,./data/12-27-2020/har-file/20201227-120205/us_alexa_microsoftonline-0-20201227-120205.har,./data/12-27-2020/tcpdump-file/20201227-120205/us_alexa_microsoftonline-0-20201227-120205.pcap,./data/12-27-2020/screenshot-file/20201227-120205/us_alexa_microsoftonline-0-20201227-120205.png,- [90mhttp[39m[90m:[39m[90m/[39m[90m/[39m[1mmicrosoftonline.com[22m[90m/[39m [31mâœ—[39m [31m Timed out[39m [31m[39m
20201227-120837,http://bestbuy.com,true,./data/12-27-2020/har-file/20201227-120205/us_alexa_bestbuy-0-20201227-120205.har,./data/12-27-2020/tcpdump-file/20201227-120205/us_alexa_bestbuy-0-20201227-120205.pcap,./data/12-27-2020/screenshot-file/20201227-120205/us_alexa_bestbuy-0-20201227-120205.png,- [90mhttp[39m[90m:[39m[90m/[39m[90m/[39m[1mbestbuy.com[22m[90m/[39m [32mâœ“[39m [32m[39m
20201227-120851,http://salesforce.com,true,./data/12-27-2020/har-file/20201227-120205/us_alexa_salesforce-0-20201227-120205.har,./data/12-27-2020/tcpdump-file/20201227-120205/us_alexa_salesforce-0-20201227-120205.pcap,./data/12-27-2020/screenshot-file/20201227-120205/us_alexa_salesforce-0-20201227-120205.png,- [90mhttp[39m[90m:[39m[90m/[39m[90m/[39m[1msalesforce.com[22m[90m/[39m [32mâœ“[39m [32m[39m
20201227-120906,http://nytimes.com,true,./data/12-27-2020/har-file/20201227-120205/us_alexa_nytimes-0-20201227-120205.har,./data/12-27-2020/tcpdump-file/20201227-120205/us_alexa_nytimes-0-20201227-120205.pcap,./data/12-27-2020/screenshot-file/20201227-120205/us_alexa_nytimes-0-20201227-120205.png,- [90mhttp[39m[90m:[39m[90m/[39m[90m/[39m[1mnytimes.com[22m[90m/[39m [32mâœ“[39m [32m[39m
20201227-120916,http://zillow.com,true,./data/12-27-2020/har-file/20201227-120205/us_alexa_zillow-0-20201227-120205.har,./data/12-27-2020/tcpdump-file/20201227-120205/us_alexa_zillow-0-20201227-120205.pcap,./data/12-27-2020/screenshot-file/20201227-120205/us_alexa_zillow-0-20201227-120205.png,- [90mhttp[39m[90m:[39m[90m/[39m[90m/[39m[1mzillow.com[22m[90m/[39m [32mâœ“[39m [32m[39m
20201227-120926,http://adobe.com,true,./data/12-27-2020/har-file/20201227-120205/us_alexa_adobe-0-20201227-120205.har,./data/12-27-2020/tcpdump-file/20201227-120205/us_alexa_adobe-0-20201227-120205.pcap,./data/12-27-2020/screenshot-file/20201227-120205/us_alexa_adobe-0-20201227-120205.png,- [90mhttp[39m[90m:[39m[90m/[39m[90m/[39m[1madobe.com[22m[90m/[39m [32mâœ“[39m [32m[39m
20201227-120935,http://linkedin.com,true,./data/12-27-2020/har-file/20201227-120205/us_alexa_linkedin-0-20201227-120205.har,./data/12-27-2020/tcpdump-file/20201227-120205/us_alexa_linkedin-0-20201227-120205.pcap,./data/12-27-2020/screenshot-file/20201227-120205/us_alexa_linkedin-0-20201227-120205.png,- [90mhttp[39m[90m:[39m[90m/[39m[90m/[39m[1mlinkedin.com[22m[90m/[39m [32mâœ“[39m [32m[39m
20201227-120948,http://target.com,true,./data/12-27-2020/har-file/20201227-120205/us_alexa_target-0-20201227-120205.har,./data/12-27-2020/tcpdump-file/20201227-120205/us_alexa_target-0-20201227-120205.pcap,./data/12-27-2020/screenshot-file/20201227-120205/us_alexa_target-0-20201227-120205.png,- [90mhttp[39m[90m:[39m[90m/[39m[90m/[39m[1mtarget.com[22m[90m/[39m [32mâœ“[39m [32m[39m
20201227-121000,http://dropbox.com,true,./data/12-27-2020/har-file/20201227-120205/us_alexa_dropbox-0-20201227-120205.har,./data/12-27-2020/tcpdump-file/20201227-120205/us_alexa_dropbox-0-20201227-120205.pcap,./data/12-27-2020/screenshot-file/20201227-120205/us_alexa_dropbox-0-20201227-120205.png,- [90mhttp[39m[90m:[39m[90m/[39m[90m/[39m[1mdropbox.com[22m[90m/[39m [32mâœ“[39m [32m[39m
20201227-121010,http://twitter.com,true,./data/12-27-2020/har-file/20201227-120205/us_alexa_twitter-0-20201227-120205.har,./data/12-27-2020/tcpdump-file/20201227-120205/us_alexa_twitter-0-20201227-120205.pcap,./data/12-27-2020/screenshot-file/20201227-120205/us_alexa_twitter-0-20201227-120205.png,- [90mhttp[39m[90m:[39m[90m/[39m[90m/[39m[1mtwitter.com[22m[90m/[39m [32mâœ“[39m [32m[39m
20201227-121021,http://okta.com,true,./data/12-27-2020/har-file/20201227-120205/us_alexa_okta-0-20201227-120205.har,./data/12-27-2020/tcpdump-file/20201227-120205/us_alexa_okta-0-20201227-120205.pcap,./data/12-27-2020/screenshot-file/20201227-120205/us_alexa_okta-0-20201227-120205.png,- [90mhttp[39m[90m:[39m[90m/[39m[90m/[39m[1mokta.com[22m[90m/[39m [32mâœ“[39m [32m[39m
20201227-121031,http://usps.com,true,./data/12-27-2020/har-file/20201227-120205/us_alexa_usps-0-20201227-120205.har,./data/12-27-2020/tcpdump-file/20201227-120205/us_alexa_usps-0-20201227-120205.pcap,./data/12-27-2020/screenshot-file/20201227-120205/us_alexa_usps-0-20201227-120205.png,- [90mhttp[39m[90m:[39m[90m/[39m[90m/[39m[1musps.com[22m[90m/[39m [32mâœ“[39m [32m[39m
20201227-121042,http://aliexpress.com,true,./data/12-27-2020/har-file/20201227-120205/us_alexa_aliexpress-0-20201227-120205.har,./data/12-27-2020/tcpdump-file/20201227-120205/us_alexa_aliexpress-0-20201227-120205.pcap,./data/12-27-2020/screenshot-file/20201227-120205/us_alexa_aliexpress-0-20201227-120205.png,- [90mhttp[39m[90m:[39m[90m/[39m[90m/[39m[1maliexpress.com[22m[90m/[39m [32mâœ“[39m [32m[39m
20201227-121052,http://craigslist.org,true,./data/12-27-2020/har-file/20201227-120205/us_alexa_craigslist-0-20201227-120205.har,./data/12-27-2020/tcpdump-file/20201227-120205/us_alexa_craigslist-0-20201227-120205.pcap,./data/12-27-2020/screenshot-file/20201227-120205/us_alexa_craigslist-0-20201227-120205.png,- [90mhttp[39m[90m:[39m[90m/[39m[90m/[39m[1mcraigslist.org[22m[90m/[39m [32mâœ“[39m [32m[39m
20201227-121111,http://tmall.com,true,./data/12-27-2020/har-file/20201227-120205/us_alexa_tmall-0-20201227-120205.har,./data/12-27-2020/tcpdump-file/20201227-120205/us_alexa_tmall-0-20201227-120205.pcap,./data/12-27-2020/screenshot-file/20201227-120205/us_alexa_tmall-0-20201227-120205.png,- [90mhttp[39m[90m:[39m[90m/[39m[90m/[39m[1mtmall.com[22m[90m/[39m [32mâœ“[39m [32m[39m
20201227-121134,http://force.com,true,./data/12-27-2020/har-file/20201227-120205/us_alexa_force-0-20201227-120205.har,./data/12-27-2020/tcpdump-file/20201227-120205/us_alexa_force-0-20201227-120205.pcap,./data/12-27-2020/screenshot-file/20201227-120205/us_alexa_force-0-20201227-120205.png,- [90mhttp[39m[90m:[39m[90m/[39m[90m/[39m[1mforce.com[22m[90m/[39m [32mâœ“[39m [32m[39m
20201227-121154,http://hulu.com,true,./data/12-27-2020/har-file/20201227-120205/us_alexa_hulu-0-20201227-120205.har,./data/12-27-2020/tcpdump-file/20201227-120205/us_alexa_hulu-0-20201227-120205.pcap,./data/12-27-2020/screenshot-file/20201227-120205/us_alexa_hulu-0-20201227-120205.png,- [90mhttp[39m[90m:[39m[90m/[39m[90m/[39m[1mhulu.com[22m[90m/[39m [32mâœ“[39m [32m[39m
20201227-121205,http://wellsfargo.com,true,./data/12-27-2020/har-file/20201227-120205/us_alexa_wellsfargo-0-20201227-120205.har,./data/12-27-2020/tcpdump-file/20201227-120205/us_alexa_wellsfargo-0-20201227-120205.pcap,./data/12-27-2020/screenshot-file/20201227-120205/us_alexa_wellsfargo-0-20201227-120205.png,- [90mhttp[39m[90m:[39m[90m/[39m[90m/[39m[1mwellsfargo.com[22m[90m/[39m [32mâœ“[39m [32m[39m
20201227-121220,http://imdb.com,true,./data/12-27-2020/har-file/20201227-120205/us_alexa_imdb-0-20201227-120205.har,./data/12-27-2020/tcpdump-file/20201227-120205/us_alexa_imdb-0-20201227-120205.pcap,./data/12-27-2020/screenshot-file/20201227-120205/us_alexa_imdb-0-20201227-120205.png,- [90mhttp[39m[90m:[39m[90m/[39m[90m/[39m[1mimdb.com[22m[90m/[39m [32mâœ“[39m [32m[39m
20201227-121232,http://homedepot.com,true,./data/12-27-2020/har-file/20201227-120205/us_alexa_homedepot-0-20201227-120205.har,./data/12-27-2020/tcpdump-file/20201227-120205/us_alexa_homedepot-0-20201227-120205.pcap,./data/12-27-2020/screenshot-file/20201227-120205/us_alexa_homedepot-0-20201227-120205.png,- [90mhttp[39m[90m:[39m[90m/[39m[90m/[39m[1mhomedepot.com[22m[90m/[39m [32mâœ“[39m [32m[39m
20201227-121244,http://ups.com,true,./data/12-27-2020/har-file/20201227-120205/us_alexa_ups-0-20201227-120205.har,./data/12-27-2020/tcpdump-file/20201227-120205/us_alexa_ups-0-20201227-120205.pcap,./data/12-27-2020/screenshot-file/20201227-120205/us_alexa_ups-0-20201227-120205.png,- [90mhttp[39m[90m:[39m[90m/[39m[90m/[39m[1mups.com[22m[90m/[39m [32mâœ“[39m [32m[39m
20201227-121254,http://paypal.com,true,./data/12-27-2020/har-file/20201227-120205/us_alexa_paypal-0-20201227-120205.har,./data/12-27-2020/tcpdump-file/20201227-120205/us_alexa_paypal-0-20201227-120205.pcap,./data/12-27-2020/screenshot-file/20201227-120205/us_alexa_paypal-0-20201227-120205.png,- [90mhttp[39m[90m:[39m[90m/[39m[90m/[39m[1mpaypal.com[22m[90m/[39m [32mâœ“[39m [32m[39m
20201227-121304,http://indeed.com,true,./data/12-27-2020/har-file/20201227-120205/us_alexa_indeed-0-20201227-120205.har,./data/12-27-2020/tcpdump-file/20201227-120205/us_alexa_indeed-0-20201227-120205.pcap,./data/12-27-2020/screenshot-file/20201227-120205/us_alexa_indeed-0-20201227-120205.png,- [90mhttp[39m[90m:[39m[90m/[39m[90m/[39m[1mindeed.com[22m[90m/[39m [32mâœ“[39m [32m[39m
20201227-121314,http://spotify.com,true,./data/12-27-2020/har-file/20201227-120205/us_alexa_spotify-0-20201227-120205.har,./data/12-27-2020/tcpdump-file/20201227-120205/us_alexa_spotify-0-20201227-120205.pcap,./data/12-27-2020/screenshot-file/20201227-120205/us_alexa_spotify-0-20201227-120205.png,- [90mhttp[39m[90m:[39m[90m/[39m[90m/[39m[1mspotify.com[22m[90m/[39m [32mâœ“[39m [32m[39m
20201227-121324,http://quizlet.com,true,./data/12-27-2020/har-file/20201227-120205/us_alexa_quizlet-0-20201227-120205.har,./data/12-27-2020/tcpdump-file/20201227-120205/us_alexa_quizlet-0-20201227-120205.pcap,./data/12-27-2020/screenshot-file/20201227-120205/us_alexa_quizlet-0-20201227-120205.png,- [90mhttp[39m[90m:[39m[90m/[39m[90m/[39m[1mquizlet.com[22m[90m/[39m [32mâœ“[39m [32m[39m
20201227-121335,http://stackoverflow.com,true,./data/12-27-2020/har-file/20201227-120205/us_alexa_stackoverflow-0-20201227-120205.har,./data/12-27-2020/tcpdump-file/20201227-120205/us_alexa_stackoverflow-0-20201227-120205.pcap,./data/12-27-2020/screenshot-file/20201227-120205/us_alexa_stackoverflow-0-20201227-120205.png,- [90mhttp[39m[90m:[39m[90m/[39m[90m/[39m[1mstackoverflow.com[22m[90m/[39m [32mâœ“[39m [32m[39m
20201227-121346,http://msn.com,true,./data/12-27-2020/har-file/20201227-120205/us_alexa_msn-0-20201227-120205.har,./data/12-27-2020/tcpdump-file/20201227-120205/us_alexa_msn-0-20201227-120205.pcap,./data/12-27-2020/screenshot-file/20201227-120205/us_alexa_msn-0-20201227-120205.png,- [90mhttp[39m[90m:[39m[90m/[39m[90m/[39m[1mmsn.com[22m[90m/[39m [32mâœ“[39m [32m[39m
20201227-121408,http://qq.com,true,./data/12-27-2020/har-file/20201227-120205/us_alexa_qq-0-20201227-120205.har,./data/12-27-2020/tcpdump-file/20201227-120205/us_alexa_qq-0-20201227-120205.pcap,./data/12-27-2020/screenshot-file/20201227-120205/us_alexa_qq-0-20201227-120205.png,- [90mhttp[39m[90m:[39m[90m/[39m[90m/[39m[1mqq.com[22m[90m/[39m [32mâœ“[39m [32m[39m
20201227-121421,http://alibaba.com,true,./data/12-27-2020/har-file/20201227-120205/us_alexa_alibaba-0-20201227-120205.har,./data/12-27-2020/tcpdump-file/20201227-120205/us_alexa_alibaba-0-20201227-120205.pcap,./data/12-27-2020/screenshot-file/20201227-120205/us_alexa_alibaba-0-20201227-120205.png,- [90mhttp[39m[90m:[39m[90m/[39m[90m/[39m[1malibaba.com[22m[90m/[39m [32mâœ“[39m [32m[39m
20201227-121434,http://amazonaws.com,true,./data/12-27-2020/har-file/20201227-120205/us_alexa_amazonaws-0-20201227-120205.har,./data/12-27-2020/tcpdump-file/20201227-120205/us_alexa_amazonaws-0-20201227-120205.pcap,./data/12-27-2020/screenshot-file/20201227-120205/us_alexa_amazonaws-0-20201227-120205.png,- [90mhttp[39m[90m:[39m[90m/[39m[90m/[39m[1mamazonaws.com[22m[90m/[39m [32mâœ“[39m [32m[39m
20201227-121444,http://pornhub.com,true,./data/12-27-2020/har-file/20201227-120205/us_alexa_pornhub-0-20201227-120205.har,./data/12-27-2020/tcpdump-file/20201227-120205/us_alexa_pornhub-0-20201227-120205.pcap,./data/12-27-2020/screenshot-file/20201227-120205/us_alexa_pornhub-0-20201227-120205.png,- [90mhttp[39m[90m:[39m[90m/[39m[90m/[39m[1mpornhub.com[22m[90m/[39m [32mâœ“[39m [32m[39m
20201227-121551,http://sohu.com,false,./data/12-27-2020/har-file/20201227-120205/us_alexa_sohu-0-20201227-120205.har,./data/12-27-2020/tcpdump-file/20201227-120205/us_alexa_sohu-0-20201227-120205.pcap,./data/12-27-2020/screenshot-file/20201227-120205/us_alexa_sohu-0-20201227-120205.png,- [90mhttp[39m[90m:[39m[90m/[39m[90m/[39m[1msohu.com[22m[90m/[39m [31mâœ—[39m [31m Timed out[39m [31m[39m
20201227-121641,http://foxnews.com,true,./data/12-27-2020/har-file/20201227-120205/us_alexa_foxnews-0-20201227-120205.har,./data/12-27-2020/tcpdump-file/20201227-120205/us_alexa_foxnews-0-20201227-120205.pcap,./data/12-27-2020/screenshot-file/20201227-120205/us_alexa_foxnews-0-20201227-120205.png,- [90mhttp[39m[90m:[39m[90m/[39m[90m/[39m[1mfoxnews.com[22m[90m/[39m [32mâœ“[39m [32m[39m
20201227-121657,http://fandom.com,true,./data/12-27-2020/har-file/20201227-120205/us_alexa_fandom-0-20201227-120205.har,./data/12-27-2020/tcpdump-file/20201227-120205/us_alexa_fandom-0-20201227-120205.pcap,./data/12-27-2020/screenshot-file/20201227-120205/us_alexa_fandom-0-20201227-120205.png,- [90mhttp[39m[90m:[39m[90m/[39m[90m/[39m[1mfandom.com[22m[90m/[39m [32mâœ“[39m [32m[39m
20201227-121708,http://livejasmin.com,true,./data/12-27-2020/har-file/20201227-120205/us_alexa_livejasmin-0-20201227-120205.har,./data/12-27-2020/tcpdump-file/20201227-120205/us_alexa_livejasmin-0-20201227-120205.pcap,./data/12-27-2020/screenshot-file/20201227-120205/us_alexa_livejasmin-0-20201227-120205.png,- [90mhttp[39m[90m:[39m[90m/[39m[90m/[39m[1mlivejasmin.com[22m[90m/[39m [32mâœ“[39m [32m[39m
20201227-121725,http://costco.com,true,./data/12-27-2020/har-file/20201227-120205/us_alexa_costco-0-20201227-120205.har,./data/12-27-2020/tcpdump-file/20201227-120205/us_alexa_costco-0-20201227-120205.pcap,./data/12-27-2020/screenshot-file/20201227-120205/us_alexa_costco-0-20201227-120205.png,- [90mhttp[39m[90m:[39m[90m/[39m[90m/[39m[1mcostco.com[22m[90m/[39m [32mâœ“[39m [32m[39m
20201227-121737,http://fedex.com,true,./data/12-27-2020/har-file/20201227-120205/us_alexa_fedex-0-20201227-120205.har,./data/12-27-2020/tcpdump-file/20201227-120205/us_alexa_fedex-0-20201227-120205.pcap,./data/12-27-2020/screenshot-file/20201227-120205/us_alexa_fedex-0-20201227-120205.png,- [90mhttp[39m[90m:[39m[90m/[39m[90m/[39m[1mfedex.com[22m[90m/[39m [32mâœ“[39m [32m[39m
20201227-121755,http://washingtonpost.com,true,./data/12-27-2020/har-file/20201227-120205/us_alexa_washingtonpost-0-20201227-120205.har,./data/12-27-2020/tcpdump-file/20201227-120205/us_alexa_washingtonpost-0-20201227-120205.pcap,./data/12-27-2020/screenshot-file/20201227-120205/us_alexa_washingtonpost-0-20201227-120205.png,- [90mhttp[39m[90m:[39m[90m/[39m[90m/[39m[1mwashingtonpost.com[22m[90m/[39m [32mâœ“[39m [32m[39m
20201227-121806,http://wordpress.com,true,./data/12-27-2020/har-file/20201227-120205/us_alexa_wordpress-0-20201227-120205.har,./data/12-27-2020/tcpdump-file/20201227-120205/us_alexa_wordpress-0-20201227-120205.pcap,./data/12-27-2020/screenshot-file/20201227-120205/us_alexa_wordpress-0-20201227-120205.png,- [90mhttp[39m[90m:[39m[90m/[39m[90m/[39m[1mwordpress.com[22m[90m/[39m [32mâœ“[39m [32m[39m
20201227-121819,http://capitalone.com,true,./data/12-27-2020/har-file/20201227-120205/us_alexa_capitalone-0-20201227-120205.har,./data/12-27-2020/tcpdump-file/20201227-120205/us_alexa_capitalone-0-20201227-120205.pcap,./data/12-27-2020/screenshot-file/20201227-120205/us_alexa_capitalone-0-20201227-120205.png,- [90mhttp[39m[90m:[39m[90m/[39m[90m/[39m[1mcapitalone.com[22m[90m/[39m [32mâœ“[39m [32m[39m
20201227-121832,http://canva.com,true,./data/12-27-2020/har-file/20201227-120205/us_alexa_canva-0-20201227-120205.har,./data/12-27-2020/tcpdump-file/20201227-120205/us_alexa_canva-0-20201227-120205.pcap,./data/12-27-2020/screenshot-file/20201227-120205/us_alexa_canva-0-20201227-120205.png,- [90mhttp[39m[90m:[39m[90m/[39m[90m/[39m[1mcanva.com[22m[90m/[39m [32mâœ“[39m [32m[39m
20201227-121845,http://ca.gov,true,./data/12-27-2020/har-file/20201227-120205/us_alexa_ca-0-20201227-120205.har,./data/12-27-2020/tcpdump-file/20201227-120205/us_alexa_ca-0-20201227-120205.pcap,./data/12-27-2020/screenshot-file/20201227-120205/us_alexa_ca-0-20201227-120205.png,- [90mhttp[39m[90m:[39m[90m/[39m[90m/[39m[1mca.gov[22m[90m/[39m [32mâœ“[39m [32m[39m
20201227-121854,http://heavy.com,true,./data/12-27-2020/har-file/20201227-120205/us_alexa_heavy-0-20201227-120205.har,./data/12-27-2020/tcpdump-file/20201227-120205/us_alexa_heavy-0-20201227-120205.pcap,./data/12-27-2020/screenshot-file/20201227-120205/us_alexa_heavy-0-20201227-120205.png,- [90mhttp[39m[90m:[39m[90m/[39m[90m/[39m[1mheavy.com[22m[90m/[39m [32mâœ“[39m [32m[39m
20201227-121914,http://breitbart.com,true,./data/12-27-2020/har-file/20201227-120205/us_alexa_breitbart-0-20201227-120205.har,./data/12-27-2020/tcpdump-file/20201227-120205/us_alexa_breitbart-0-20201227-120205.pcap,./data/12-27-2020/screenshot-file/20201227-120205/us_alexa_breitbart-0-20201227-120205.png,- [90mhttp[39m[90m:[39m[90m/[39m[90m/[39m[1mbreitbart.com[22m[90m/[39m [32mâœ“[39m [32m[39m
20201227-121926,http://wayfair.com,true,./data/12-27-2020/har-file/20201227-120205/us_alexa_wayfair-0-20201227-120205.har,./data/12-27-2020/tcpdump-file/20201227-120205/us_alexa_wayfair-0-20201227-120205.pcap,./data/12-27-2020/screenshot-file/20201227-120205/us_alexa_wayfair-0-20201227-120205.png,- [90mhttp[39m[90m:[39m[90m/[39m[90m/[39m[1mwayfair.com[22m[90m/[39m [32mâœ“[39m [32m[39m
20201227-121938,http://macys.com,true,./data/12-27-2020/har-file/20201227-120205/us_alexa_macys-0-20201227-120205.har,./data/12-27-2020/tcpdump-file/20201227-120205/us_alexa_macys-0-20201227-120205.pcap,./data/12-27-2020/screenshot-file/20201227-120205/us_alexa_macys-0-20201227-120205.png,- [90mhttp[39m[90m:[39m[90m/[39m[90m/[39m[1mmacys.com[22m[90m/[39m [32mâœ“[39m [32m[39m
20201227-121949,http://fidelity.com,true,./data/12-27-2020/har-file/20201227-120205/us_alexa_fidelity-0-20201227-120205.har,./data/12-27-2020/tcpdump-file/20201227-120205/us_alexa_fidelity-0-20201227-120205.pcap,./data/12-27-2020/screenshot-file/20201227-120205/us_alexa_fidelity-0-20201227-120205.png,- [90mhttp[39m[90m:[39m[90m/[39m[90m/[39m[1mfidelity.com[22m[90m/[39m [32mâœ“[39m [32m[39m
20201227-122001,http://bongacams.com,true,./data/12-27-2020/har-file/20201227-120205/us_alexa_bongacams-0-20201227-120205.har,./data/12-27-2020/tcpdump-file/20201227-120205/us_alexa_bongacams-0-20201227-120205.pcap,./data/12-27-2020/screenshot-file/20201227-120205/us_alexa_bongacams-0-20201227-120205.png,- [90mhttp[39m[90m:[39m[90m/[39m[90m/[39m[1mbongacams.com[22m[90m/[39m [32mâœ“[39m [32m[39m
20201227-122017,http://taobao.com,true,./data/12-27-2020/har-file/20201227-120205/us_alexa_taobao-0-20201227-120205.har,./data/12-27-2020/tcpdump-file/20201227-120205/us_alexa_taobao-0-20201227-120205.pcap,./data/12-27-2020/screenshot-file/20201227-120205/us_alexa_taobao-0-20201227-120205.png,- [90mhttp[39m[90m:[39m[90m/[39m[90m/[39m[1mtaobao.com[22m[90m/[39m [32mâœ“[39m [32m[39m
20201227-122030,http://xfinity.com,true,./data/12-27-2020/har-file/20201227-120205/us_alexa_xfinity-0-20201227-120205.har,./data/12-27-2020/tcpdump-file/20201227-120205/us_alexa_xfinity-0-20201227-120205.pcap,./data/12-27-2020/screenshot-file/20201227-120205/us_alexa_xfinity-0-20201227-120205.png,- [90mhttp[39m[90m:[39m[90m/[39m[90m/[39m[1mxfinity.com[22m[90m/[39m [32mâœ“[39m [32m[39m
20201227-122038,http://baidu.com,false,./data/12-27-2020/har-file/20201227-120205/us_alexa_baidu-0-20201227-120205.har,./data/12-27-2020/tcpdump-file/20201227-120205/us_alexa_baidu-0-20201227-120205.pcap,./data/12-27-2020/screenshot-file/20201227-120205/us_alexa_baidu-0-20201227-120205.png,- [90mhttp[39m[90m:[39m[90m/[39m[90m/[39m[1mbaidu.com[22m[90m/[39m [31mâœ—[39m [31m net::ERR_EMPTY_RESPONSE[39m [31m[39m
20201227-122049,http://patch.com,true,./data/12-27-2020/har-file/20201227-120205/us_alexa_patch-0-20201227-120205.har,./data/12-27-2020/tcpdump-file/20201227-120205/us_alexa_patch-0-20201227-120205.pcap,./data/12-27-2020/screenshot-file/20201227-120205/us_alexa_patch-0-20201227-120205.png,- [90mhttp[39m[90m:[39m[90m/[39m[90m/[39m[1mpatch.com[22m[90m/[39m [32mâœ“[39m [32m[39m
20201227-122059,http://soundcloud.com,true,./data/12-27-2020/har-file/20201227-120205/us_alexa_soundcloud-0-20201227-120205.har,./data/12-27-2020/tcpdump-file/20201227-120205/us_alexa_soundcloud-0-20201227-120205.pcap,./data/12-27-2020/screenshot-file/20201227-120205/us_alexa_soundcloud-0-20201227-120205.png,- [90mhttp[39m[90m:[39m[90m/[39m[90m/[39m[1msoundcloud.com[22m[90m/[39m [32mâœ“[39m [32m[39m
20201227-122109,http://duckduckgo.com,true,./data/12-27-2020/har-file/20201227-120205/us_alexa_duckduckgo-0-20201227-120205.har,./data/12-27-2020/tcpdump-file/20201227-120205/us_alexa_duckduckgo-0-20201227-120205.pcap,./data/12-27-2020/screenshot-file/20201227-120205/us_alexa_duckduckgo-0-20201227-120205.png,- [90mhttp[39m[90m:[39m[90m/[39m[90m/[39m[1mduckduckgo.com[22m[90m/[39m [32mâœ“[39m [32m[39m
20201227-122121,http://pinterest.com,true,./data/12-27-2020/har-file/20201227-120205/us_alexa_pinterest-0-20201227-120205.har,./data/12-27-2020/tcpdump-file/20201227-120205/us_alexa_pinterest-0-20201227-120205.pcap,./data/12-27-2020/screenshot-file/20201227-120205/us_alexa_pinterest-0-20201227-120205.png,- [90mhttp[39m[90m:[39m[90m/[39m[90m/[39m[1mpinterest.com[22m[90m/[39m [32mâœ“[39m [32m[39m
20201227-122131,http://cnet.com,true,./data/12-27-2020/har-file/20201227-120205/us_alexa_cnet-0-20201227-120205.har,./data/12-27-2020/tcpdump-file/20201227-120205/us_alexa_cnet-0-20201227-120205.pcap,./data/12-27-2020/screenshot-file/20201227-120205/us_alexa_cnet-0-20201227-120205.png,- [90mhttp[39m[90m:[39m[90m/[39m[90m/[39m[1mcnet.com[22m[90m/[39m [32mâœ“[39m [32m[39m
20201227-122142,http://realtor.com,true,./data/12-27-2020/har-file/20201227-120205/us_alexa_realtor-0-20201227-120205.har,./data/12-27-2020/tcpdump-file/20201227-120205/us_alexa_realtor-0-20201227-120205.pcap,./data/12-27-2020/screenshot-file/20201227-120205/us_alexa_realtor-0-20201227-120205.png,- [90mhttp[39m[90m:[39m[90m/[39m[90m/[39m[1mrealtor.com[22m[90m/[39m [32mâœ“[39m [32m[39m
20201227-122200,http://jd.com,true,./data/12-27-2020/har-file/20201227-120205/us_alexa_jd-0-20201227-120205.har,./data/12-27-2020/tcpdump-file/20201227-120205/us_alexa_jd-0-20201227-120205.pcap,./data/12-27-2020/screenshot-file/20201227-120205/us_alexa_jd-0-20201227-120205.png,- [90mhttp[39m[90m:[39m[90m/[39m[90m/[39m[1mjd.com[22m[90m/[39m [32mâœ“[39m [32m[39m
20201227-122214,http://intuit.com,true,./data/12-27-2020/har-file/20201227-120205/us_alexa_intuit-0-20201227-120205.har,./data/12-27-2020/tcpdump-file/20201227-120205/us_alexa_intuit-0-20201227-120205.pcap,./data/12-27-2020/screenshot-file/20201227-120205/us_alexa_intuit-0-20201227-120205.png,- [90mhttp[39m[90m:[39m[90m/[39m[90m/[39m[1mintuit.com[22m[90m/[39m [32mâœ“[39m [32m[39m
20201227-122305,http://360.cn,true,./data/12-27-2020/har-file/20201227-120205/us_alexa_360-0-20201227-120205.har,./data/12-27-2020/tcpdump-file/20201227-120205/us_alexa_360-0-20201227-120205.pcap,./data/12-27-2020/screenshot-file/20201227-120205/us_alexa_360-0-20201227-120205.png,- [90mhttp[39m[90m:[39m[90m/[39m[90m/[39m[1m360.cn[22m[90m/[39m [32mâœ“[39m [32m[39m
20201227-122331,http://businessinsider.com,true,./data/12-27-2020/har-file/20201227-120205/us_alexa_businessinsider-0-20201227-120205.har,./data/12-27-2020/tcpdump-file/20201227-120205/us_alexa_businessinsider-0-20201227-120205.pcap,./data/12-27-2020/screenshot-file/20201227-120205/us_alexa_businessinsider-0-20201227-120205.png,- [90mhttp[39m[90m:[39m[90m/[39m[90m/[39m[1mbusinessinsider.com[22m[90m/[39m [32mâœ“[39m [32m[39m
20201227-122343,http://bbc.com,true,./data/12-27-2020/har-file/20201227-120205/us_alexa_bbc-0-20201227-120205.har,./data/12-27-2020/tcpdump-file/20201227-120205/us_alexa_bbc-0-20201227-120205.pcap,./data/12-27-2020/screenshot-file/20201227-120205/us_alexa_bbc-0-20201227-120205.png,- [90mhttp[39m[90m:[39m[90m/[39m[90m/[39m[1mbbc.com[22m[90m/[39m [32mâœ“[39m [32m[39m
20201227-122354,http://weather.com,true,./data/12-27-2020/har-file/20201227-120205/us_alexa_weather-0-20201227-120205.har,./data/12-27-2020/tcpdump-file/20201227-120205/us_alexa_weather-0-20201227-120205.pcap,./data/12-27-2020/screenshot-file/20201227-120205/us_alexa_weather-0-20201227-120205.png,- [90mhttp[39m[90m:[39m[90m/[39m[90m/[39m[1mweather.com[22m[90m/[39m [32mâœ“[39m [32m[39m
20201227-122405,http://nih.gov,true,./data/12-27-2020/har-file/20201227-120205/us_alexa_nih-0-20201227-120205.har,./data/12-27-2020/tcpdump-file/20201227-120205/us_alexa_nih-0-20201227-120205.pcap,./data/12-27-2020/screenshot-file/20201227-120205/us_alexa_nih-0-20201227-120205.png,- [90mhttp[39m[90m:[39m[90m/[39m[90m/[39m[1mnih.gov[22m[90m/[39m [32mâœ“[39m [32m[39m
20201227-122415,http://slickdeals.net,true,./data/12-27-2020/har-file/20201227-120205/us_alexa_slickdeals-0-20201227-120205.har,./data/12-27-2020/tcpdump-file/20201227-120205/us_alexa_slickdeals-0-20201227-120205.pcap,./data/12-27-2020/screenshot-file/20201227-120205/us_alexa_slickdeals-0-20201227-120205.png,- [90mhttp[39m[90m:[39m[90m/[39m[90m/[39m[1mslickdeals.net[22m[90m/[39m [32mâœ“[39m [32m[39m
20201227-122425,http://stackexchange.com,true,./data/12-27-2020/har-file/20201227-120205/us_alexa_stackexchange-0-20201227-120205.har,./data/12-27-2020/tcpdump-file/20201227-120205/us_alexa_stackexchange-0-20201227-120205.pcap,./data/12-27-2020/screenshot-file/20201227-120205/us_alexa_stackexchange-0-20201227-120205.png,- [90mhttp[39m[90m:[39m[90m/[39m[90m/[39m[1mstackexchange.com[22m[90m/[39m [32mâœ“[39m [32m[39m
20201227-122438,http://tiktok.com,true,./data/12-27-2020/har-file/20201227-120205/us_alexa_tiktok-0-20201227-120205.har,./data/12-27-2020/tcpdump-file/20201227-120205/us_alexa_tiktok-0-20201227-120205.pcap,./data/12-27-2020/screenshot-file/20201227-120205/us_alexa_tiktok-0-20201227-120205.png,- [90mhttp[39m[90m:[39m[90m/[39m[90m/[39m[1mtiktok.com[22m[90m/[39m [32mâœ“[39m [32m[39m
20201227-122452,http://slack.com,true,./data/12-27-2020/har-file/20201227-120205/us_alexa_slack-0-20201227-120205.har,./data/12-27-2020/tcpdump-file/20201227-120205/us_alexa_slack-0-20201227-120205.pcap,./data/12-27-2020/screenshot-file/20201227-120205/us_alexa_slack-0-20201227-120205.png,- [90mhttp[39m[90m:[39m[90m/[39m[90m/[39m[1mslack.com[22m[90m/[39m [32mâœ“[39m [32m[39m
20201227-122506,http://medium.com,true,./data/12-27-2020/har-file/20201227-120205/us_alexa_medium-0-20201227-120205.har,./data/12-27-2020/tcpdump-file/20201227-120205/us_alexa_medium-0-20201227-120205.pcap,./data/12-27-2020/screenshot-file/20201227-120205/us_alexa_medium-0-20201227-120205.png,- [90mhttp[39m[90m:[39m[90m/[39m[90m/[39m[1mmedium.com[22m[90m/[39m [32mâœ“[39m [32m[39m
20201227-122521,http://theepochtimes.com,true,./data/12-27-2020/har-file/20201227-120205/us_alexa_theepochtimes-0-20201227-120205.har,./data/12-27-2020/tcpdump-file/20201227-120205/us_alexa_theepochtimes-0-20201227-120205.pcap,./data/12-27-2020/screenshot-file/20201227-120205/us_alexa_theepochtimes-0-20201227-120205.png,- [90mhttp[39m[90m:[39m[90m/[39m[90m/[39m[1mtheepochtimes.com[22m[90m/[39m [32mâœ“[39m [32m[39m
20201227-122532,http://xvideos.com,true,./data/12-27-2020/har-file/20201227-120205/us_alexa_xvideos-0-20201227-120205.har,./data/12-27-2020/tcpdump-file/20201227-120205/us_alexa_xvideos-0-20201227-120205.pcap,./data/12-27-2020/screenshot-file/20201227-120205/us_alexa_xvideos-0-20201227-120205.png,- [90mhttp[39m[90m:[39m[90m/[39m[90m/[39m[1mxvideos.com[22m[90m/[39m [32mâœ“[39m [32m[39m
20201227-122544,http://kohls.com,true,./data/12-27-2020/har-file/20201227-120205/us_alexa_kohls-0-20201227-120205.har,./data/12-27-2020/tcpdump-file/20201227-120205/us_alexa_kohls-0-20201227-120205.pcap,./data/12-27-2020/screenshot-file/20201227-120205/us_alexa_kohls-0-20201227-120205.png,- [90mhttp[39m[90m:[39m[90m/[39m[90m/[39m[1mkohls.com[22m[90m/[39m [32mâœ“[39m [32m[39m
20201227-122554,http://airbnb.com,true,./data/12-27-2020/har-file/20201227-120205/us_alexa_airbnb-0-20201227-120205.har,./data/12-27-2020/tcpdump-file/20201227-120205/us_alexa_airbnb-0-20201227-120205.pcap,./data/12-27-2020/screenshot-file/20201227-120205/us_alexa_airbnb-0-20201227-120205.png,- [90mhttp[39m[90m:[39m[90m/[39m[90m/[39m[1mairbnb.com[22m[90m/[39m [32mâœ“[39m [32m[39m
20201227-122605,http://bankofamerica.com,true,./data/12-27-2020/har-file/20201227-120205/us_alexa_bankofamerica-0-20201227-120205.har,./data/12-27-2020/tcpdump-file/20201227-120205/us_alexa_bankofamerica-0-20201227-120205.pcap,./data/12-27-2020/screenshot-file/20201227-120205/us_alexa_bankofamerica-0-20201227-120205.png,- [90mhttp[39m[90m:[39m[90m/[39m[90m/[39m[1mbankofamerica.com[22m[90m/[39m [32mâœ“[39m [32m[39m
20201227-122616,http://cnbc.com,true,./data/12-27-2020/har-file/20201227-120205/us_alexa_cnbc-0-20201227-120205.har,./data/12-27-2020/tcpdump-file/20201227-120205/us_alexa_cnbc-0-20201227-120205.pcap,./data/12-27-2020/screenshot-file/20201227-120205/us_alexa_cnbc-0-20201227-120205.png,- [90mhttp[39m[90m:[39m[90m/[39m[90m/[39m[1mcnbc.com[22m[90m/[39m [32mâœ“[39m [32m[39m
20201227-122629,http://vimeo.com,true,./data/12-27-2020/har-file/20201227-120205/us_alexa_vimeo-0-20201227-120205.har,./data/12-27-2020/tcpdump-file/20201227-120205/us_alexa_vimeo-0-20201227-120205.pcap,./data/12-27-2020/screenshot-file/20201227-120205/us_alexa_vimeo-0-20201227-120205.png,- [90mhttp[39m[90m:[39m[90m/[39m[90m/[39m[1mvimeo.com[22m[90m/[39m [32mâœ“[39m [32m[39m
20201227-122639,http://disneyplus.com,true,./data/12-27-2020/har-file/20201227-120205/us_alexa_disneyplus-0-20201227-120205.har,./data/12-27-2020/tcpdump-file/20201227-120205/us_alexa_disneyplus-0-20201227-120205.pcap,./data/12-27-2020/screenshot-file/20201227-120205/us_alexa_disneyplus-0-20201227-120205.png,- [90mhttp[39m[90m:[39m[90m/[39m[90m/[39m[1mdisneyplus.com[22m[90m/[39m [32mâœ“[39m [32m[39m
20201227-122653,http://adp.com,true,./data/12-27-2020/har-file/20201227-120205/us_alexa_adp-0-20201227-120205.har,./data/12-27-2020/tcpdump-file/20201227-120205/us_alexa_adp-0-20201227-120205.pcap,./data/12-27-2020/screenshot-file/20201227-120205/us_alexa_adp-0-20201227-120205.png,- [90mhttp[39m[90m:[39m[90m/[39m[90m/[39m[1madp.com[22m[90m/[39m [32mâœ“[39m [32m[39m
20201227-122704,http://yelp.com,true,./data/12-27-2020/har-file/20201227-120205/us_alexa_yelp-0-20201227-120205.har,./data/12-27-2020/tcpdump-file/20201227-120205/us_alexa_yelp-0-20201227-120205.pcap,./data/12-27-2020/screenshot-file/20201227-120205/us_alexa_yelp-0-20201227-120205.png,- [90mhttp[39m[90m:[39m[90m/[39m[90m/[39m[1myelp.com[22m[90m/[39m [32mâœ“[39m [32m[39m
20201227-122715,http://roblox.com,true,./data/12-27-2020/har-file/20201227-120205/us_alexa_roblox-0-20201227-120205.har,./data/12-27-2020/tcpdump-file/20201227-120205/us_alexa_roblox-0-20201227-120205.pcap,./data/12-27-2020/screenshot-file/20201227-120205/us_alexa_roblox-0-20201227-120205.png,- [90mhttp[39m[90m:[39m[90m/[39m[90m/[39m[1mroblox.com[22m[90m/[39m [32mâœ“[39m [32m[39m
20201227-122728,http://att.com,true,./data/12-27-2020/har-file/20201227-120205/us_alexa_att-0-20201227-120205.har,./data/12-27-2020/tcpdump-file/20201227-120205/us_alexa_att-0-20201227-120205.pcap,./data/12-27-2020/screenshot-file/20201227-120205/us_alexa_att-0-20201227-120205.png,- [90mhttp[39m[90m:[39m[90m/[39m[90m/[39m[1matt.com[22m[90m/[39m [32mâœ“[39m [32m[39m
20201227-122738,http://tumblr.com,true,./data/12-27-2020/har-file/20201227-120205/us_alexa_tumblr-0-20201227-120205.har,./data/12-27-2020/tcpdump-file/20201227-120205/us_alexa_tumblr-0-20201227-120205.pcap,./data/12-27-2020/screenshot-file/20201227-120205/us_alexa_tumblr-0-20201227-120205.png,- [90mhttp[39m[90m:[39m[90m/[39m[90m/[39m[1mtumblr.com[22m[90m/[39m [32mâœ“[39m [32m[39m
20201227-122753,http://healthline.com,true,./data/12-27-2020/har-file/20201227-120205/us_alexa_healthline-0-20201227-120205.har,./data/12-27-2020/tcpdump-file/20201227-120205/us_alexa_healthline-0-20201227-120205.pcap,./data/12-27-2020/screenshot-file/20201227-120205/us_alexa_healthline-0-20201227-120205.png,- [90mhttp[39m[90m:[39m[90m/[39m[90m/[39m[1mhealthline.com[22m[90m/[39m [32mâœ“[39m [32m[39m
20201227-122805,http://theguardian.com,true,./data/12-27-2020/har-file/20201227-120205/us_alexa_theguardian-0-20201227-120205.har,./data/12-27-2020/tcpdump-file/20201227-120205/us_alexa_theguardian-0-20201227-120205.pcap,./data/12-27-2020/screenshot-file/20201227-120205/us_alexa_theguardian-0-20201227-120205.png,- [90mhttp[39m[90m:[39m[90m/[39m[90m/[39m[1mtheguardian.com[22m[90m/[39m [32mâœ“[39m [32m[39m
20201227-122824,http://thegatewaypundit.com,true,./data/12-27-2020/har-file/20201227-120205/us_alexa_thegatewaypundit-0-20201227-120205.har,./data/12-27-2020/tcpdump-file/20201227-120205/us_alexa_thegatewaypundit-0-20201227-120205.pcap,./data/12-27-2020/screenshot-file/20201227-120205/us_alexa_thegatewaypundit-0-20201227-120205.png,- [90mhttp[39m[90m:[39m[90m/[39m[90m/[39m[1mthegatewaypundit.com[22m[90m/[39m [32mâœ“[39m [32m[39m
20201227-122836,http://github.com,true,./data/12-27-2020/har-file/20201227-120205/us_alexa_github-0-20201227-120205.har,./data/12-27-2020/tcpdump-file/20201227-120205/us_alexa_github-0-20201227-120205.pcap,./data/12-27-2020/screenshot-file/20201227-120205/us_alexa_github-0-20201227-120205.png,- [90mhttp[39m[90m:[39m[90m/[39m[90m/[39m[1mgithub.com[22m[90m/[39m [32mâœ“[39m [32m[39m
20201227-122850,http://citi.com,true,./data/12-27-2020/har-file/20201227-120205/us_alexa_citi-0-20201227-120205.har,./data/12-27-2020/tcpdump-file/20201227-120205/us_alexa_citi-0-20201227-120205.pcap,./data/12-27-2020/screenshot-file/20201227-120205/us_alexa_citi-0-20201227-120205.png,- [90mhttp[39m[90m:[39m[90m/[39m[90m/[39m[1mciti.com[22m[90m/[39m [32mâœ“[39m [32m[39m
20201227-122903,http://verizon.com,true,./data/12-27-2020/har-file/20201227-120205/us_alexa_verizon-0-20201227-120205.har,./data/12-27-2020/tcpdump-file/20201227-120205/us_alexa_verizon-0-20201227-120205.pcap,./data/12-27-2020/screenshot-file/20201227-120205/us_alexa_verizon-0-20201227-120205.png,- [90mhttp[39m[90m:[39m[90m/[39m[90m/[39m[1mverizon.com[22m[90m/[39m [32mâœ“[39m [32m[39m
20201227-122911,http://godaddy.com,false,./data/12-27-2020/har-file/20201227-120205/us_alexa_godaddy-0-20201227-120205.har,./data/12-27-2020/tcpdump-file/20201227-120205/us_alexa_godaddy-0-20201227-120205.pcap,./data/12-27-2020/screenshot-file/20201227-120205/us_alexa_godaddy-0-20201227-120205.png,- [90mhttp[39m[90m:[39m[90m/[39m[90m/[39m[1mgodaddy.com[22m[90m/[39m [31mâœ—[39m [31m net::ERR_CONNECTION_RESET[39m [31m[39m
20201227-122925,http://chegg.com,true,./data/12-27-2020/har-file/20201227-120205/us_alexa_chegg-0-20201227-120205.har,./data/12-27-2020/tcpdump-file/20201227-120205/us_alexa_chegg-0-20201227-120205.pcap,./data/12-27-2020/screenshot-file/20201227-120205/us_alexa_chegg-0-20201227-120205.png,- [90mhttp[39m[90m:[39m[90m/[39m[90m/[39m[1mchegg.com[22m[90m/[39m [32mâœ“[39m [32m[39m
20201227-122941,http://imgur.com,true,./data/12-27-2020/har-file/20201227-120205/us_alexa_imgur-0-20201227-120205.har,./data/12-27-2020/tcpdump-file/20201227-120205/us_alexa_imgur-0-20201227-120205.pcap,./data/12-27-2020/screenshot-file/20201227-120205/us_alexa_imgur-0-20201227-120205.png,- [90mhttp[39m[90m:[39m[90m/[39m[90m/[39m[1mimgur.com[22m[90m/[39m [32mâœ“[39m [32m[39m
20201227-122955,http://tradingview.com,true,./data/12-27-2020/har-file/20201227-120205/us_alexa_tradingview-0-20201227-120205.har,./data/12-27-2020/tcpdump-file/20201227-120205/us_alexa_tradingview-0-20201227-120205.pcap,./data/12-27-2020/screenshot-file/20201227-120205/us_alexa_tradingview-0-20201227-120205.png,- [90mhttp[39m[90m:[39m[90m/[39m[90m/[39m[1mtradingview.com[22m[90m/[39m [32mâœ“[39m [32m[39m
20201227-123010,http://lowes.com,true,./data/12-27-2020/har-file/20201227-120205/us_alexa_lowes-0-20201227-120205.har,./data/12-27-2020/tcpdump-file/20201227-120205/us_alexa_lowes-0-20201227-120205.pcap,./data/12-27-2020/screenshot-file/20201227-120205/us_alexa_lowes-0-20201227-120205.png,- [90mhttp[39m[90m:[39m[90m/[39m[90m/[39m[1mlowes.com[22m[90m/[39m [32mâœ“[39m [32m[39m
20201227-123021,http://newegg.com,true,./data/12-27-2020/har-file/20201227-120205/us_alexa_newegg-0-20201227-120205.har,./data/12-27-2020/tcpdump-file/20201227-120205/us_alexa_newegg-0-20201227-120205.pcap,./data/12-27-2020/screenshot-file/20201227-120205/us_alexa_newegg-0-20201227-120205.png,- [90mhttp[39m[90m:[39m[90m/[39m[90m/[39m[1mnewegg.com[22m[90m/[39m [32mâœ“[39m [32m[39m
20201227-123032,http://discord.com,true,./data/12-27-2020/har-file/20201227-120205/us_alexa_discord-0-20201227-120205.har,./data/12-27-2020/tcpdump-file/20201227-120205/us_alexa_discord-0-20201227-120205.pcap,./data/12-27-2020/screenshot-file/20201227-120205/us_alexa_discord-0-20201227-120205.png,- [90mhttp[39m[90m:[39m[90m/[39m[90m/[39m[1mdiscord.com[22m[90m/[39m [32mâœ“[39m [32m[39m
20201227-123051,http://forbes.com,true,./data/12-27-2020/har-file/20201227-120205/us_alexa_forbes-0-20201227-120205.har,./data/12-27-2020/tcpdump-file/20201227-120205/us_alexa_forbes-0-20201227-120205.pcap,./data/12-27-2020/screenshot-file/20201227-120205/us_alexa_forbes-0-20201227-120205.png,- [90mhttp[39m[90m:[39m[90m/[39m[90m/[39m[1mforbes.com[22m[90m/[39m [32mâœ“[39m [32m[39m
20201227-123102,http://wix.com,true,./data/12-27-2020/har-file/20201227-120205/us_alexa_wix-0-20201227-120205.har,./data/12-27-2020/tcpdump-file/20201227-120205/us_alexa_wix-0-20201227-120205.pcap,./data/12-27-2020/screenshot-file/20201227-120205/us_alexa_wix-0-20201227-120205.png,- [90mhttp[39m[90m:[39m[90m/[39m[90m/[39m[1mwix.com[22m[90m/[39m [32mâœ“[39m [32m[39m
20201227-123210,http://sina.com.cn,false,./data/12-27-2020/har-file/20201227-120205/us_alexa_sina.com-0-20201227-120205.har,./data/12-27-2020/tcpdump-file/20201227-120205/us_alexa_sina.com-0-20201227-120205.pcap,./data/12-27-2020/screenshot-file/20201227-120205/us_alexa_sina.com-0-20201227-120205.png,- [90mhttp[39m[90m:[39m[90m/[39m[90m/[39m[1msina.com.cn[22m[90m/[39m [31mâœ—[39m [31m Timed out[39m [31m[39m
20201227-123223,http://grammarly.com,true,./data/12-27-2020/har-file/20201227-120205/us_alexa_grammarly-0-20201227-120205.har,./data/12-27-2020/tcpdump-file/20201227-120205/us_alexa_grammarly-0-20201227-120205.pcap,./data/12-27-2020/screenshot-file/20201227-120205/us_alexa_grammarly-0-20201227-120205.png,- [90mhttp[39m[90m:[39m[90m/[39m[90m/[39m[1mgrammarly.com[22m[90m/[39m [32mâœ“[39m [32m[39m
20201227-123236,http://schwab.com,true,./data/12-27-2020/har-file/20201227-120205/us_alexa_schwab-0-20201227-120205.har,./data/12-27-2020/tcpdump-file/20201227-120205/us_alexa_schwab-0-20201227-120205.pcap,./data/12-27-2020/screenshot-file/20201227-120205/us_alexa_schwab-0-20201227-120205.png,- [90mhttp[39m[90m:[39m[90m/[39m[90m/[39m[1mschwab.com[22m[90m/[39m [32mâœ“[39m [32m[39m
20201227-123249,http://redfin.com,true,./data/12-27-2020/har-file/20201227-120205/us_alexa_redfin-0-20201227-120205.har,./data/12-27-2020/tcpdump-file/20201227-120205/us_alexa_redfin-0-20201227-120205.pcap,./data/12-27-2020/screenshot-file/20201227-120205/us_alexa_redfin-0-20201227-120205.png,- [90mhttp[39m[90m:[39m[90m/[39m[90m/[39m[1mredfin.com[22m[90m/[39m [32mâœ“[39m [32m[39m
20201227-123301,http://udemy.com,true,./data/12-27-2020/har-file/20201227-120205/us_alexa_udemy-0-20201227-120205.har,./data/12-27-2020/tcpdump-file/20201227-120205/us_alexa_udemy-0-20201227-120205.pcap,./data/12-27-2020/screenshot-file/20201227-120205/us_alexa_udemy-0-20201227-120205.png,- [90mhttp[39m[90m:[39m[90m/[39m[90m/[39m[1mudemy.com[22m[90m/[39m [32mâœ“[39m [32m[39m
20201227-123331,http://aol.com,true,./data/12-27-2020/har-file/20201227-120205/us_alexa_aol-0-20201227-120205.har,./data/12-27-2020/tcpdump-file/20201227-120205/us_alexa_aol-0-20201227-120205.pcap,./data/12-27-2020/screenshot-file/20201227-120205/us_alexa_aol-0-20201227-120205.png,- [90mhttp[39m[90m:[39m[90m/[39m[90m/[39m[1maol.com[22m[90m/[39m [32mâœ“[39m [32m[39m
20201227-123355,http://ameritrade.com,true,./data/12-27-2020/har-file/20201227-120205/us_alexa_ameritrade-0-20201227-120205.har,./data/12-27-2020/tcpdump-file/20201227-120205/us_alexa_ameritrade-0-20201227-120205.pcap,./data/12-27-2020/screenshot-file/20201227-120205/us_alexa_ameritrade-0-20201227-120205.png,- [90mhttp[39m[90m:[39m[90m/[39m[90m/[39m[1mameritrade.com[22m[90m/[39m [32mâœ“[39m [32m[39m
20201227-123408,http://squarespace.com,true,./data/12-27-2020/har-file/20201227-120205/us_alexa_squarespace-0-20201227-120205.har,./data/12-27-2020/tcpdump-file/20201227-120205/us_alexa_squarespace-0-20201227-120205.pcap,./data/12-27-2020/screenshot-file/20201227-120205/us_alexa_squarespace-0-20201227-120205.png,- [90mhttp[39m[90m:[39m[90m/[39m[90m/[39m[1msquarespace.com[22m[90m/[39m [32mâœ“[39m [32m[39m
20201227-123420,http://hbomax.com,true,./data/12-27-2020/har-file/20201227-120205/us_alexa_hbomax-0-20201227-120205.har,./data/12-27-2020/tcpdump-file/20201227-120205/us_alexa_hbomax-0-20201227-120205.pcap,./data/12-27-2020/screenshot-file/20201227-120205/us_alexa_hbomax-0-20201227-120205.png,- [90mhttp[39m[90m:[39m[90m/[39m[90m/[39m[1mhbomax.com[22m[90m/[39m [32mâœ“[39m [32m[39m
20201227-123436,http://glassdoor.com,true,./data/12-27-2020/har-file/20201227-120205/us_alexa_glassdoor-0-20201227-120205.har,./data/12-27-2020/tcpdump-file/20201227-120205/us_alexa_glassdoor-0-20201227-120205.pcap,./data/12-27-2020/screenshot-file/20201227-120205/us_alexa_glassdoor-0-20201227-120205.png,- [90mhttp[39m[90m:[39m[90m/[39m[90m/[39m[1mglassdoor.com[22m[90m/[39m [32mâœ“[39m [32m[39m
20201227-123448,http://fiverr.com,true,./data/12-27-2020/har-file/20201227-120205/us_alexa_fiverr-0-20201227-120205.har,./data/12-27-2020/tcpdump-file/20201227-120205/us_alexa_fiverr-0-20201227-120205.pcap,./data/12-27-2020/screenshot-file/20201227-120205/us_alexa_fiverr-0-20201227-120205.png,- [90mhttp[39m[90m:[39m[90m/[39m[90m/[39m[1mfiverr.com[22m[90m/[39m [32mâœ“[39m [32m[39m
20201227-123459,http://zendesk.com,true,./data/12-27-2020/har-file/20201227-120205/us_alexa_zendesk-0-20201227-120205.har,./data/12-27-2020/tcpdump-file/20201227-120205/us_alexa_zendesk-0-20201227-120205.pcap,./data/12-27-2020/screenshot-file/20201227-120205/us_alexa_zendesk-0-20201227-120205.png,- [90mhttp[39m[90m:[39m[90m/[39m[90m/[39m[1mzendesk.com[22m[90m/[39m [32mâœ“[39m [32m[39m
20201227-123511,http://investopedia.com,true,./data/12-27-2020/har-file/20201227-120205/us_alexa_investopedia-0-20201227-120205.har,./data/12-27-2020/tcpdump-file/20201227-120205/us_alexa_investopedia-0-20201227-120205.pcap,./data/12-27-2020/screenshot-file/20201227-120205/us_alexa_investopedia-0-20201227-120205.png,- [90mhttp[39m[90m:[39m[90m/[39m[90m/[39m[1minvestopedia.com[22m[90m/[39m [32mâœ“[39m [32m[39m
20201227-123524,http://rakuten.com,true,./data/12-27-2020/har-file/20201227-120205/us_alexa_rakuten-0-20201227-120205.har,./data/12-27-2020/tcpdump-file/20201227-120205/us_alexa_rakuten-0-20201227-120205.pcap,./data/12-27-2020/screenshot-file/20201227-120205/us_alexa_rakuten-0-20201227-120205.png,- [90mhttp[39m[90m:[39m[90m/[39m[90m/[39m[1mrakuten.com[22m[90m/[39m [32mâœ“[39m [32m[39m
20201227-123537,http://americanexpress.com,true,./data/12-27-2020/har-file/20201227-120205/us_alexa_americanexpress-0-20201227-120205.har,./data/12-27-2020/tcpdump-file/20201227-120205/us_alexa_americanexpress-0-20201227-120205.pcap,./data/12-27-2020/screenshot-file/20201227-120205/us_alexa_americanexpress-0-20201227-120205.png,- [90mhttp[39m[90m:[39m[90m/[39m[90m/[39m[1mamericanexpress.com[22m[90m/[39m [32mâœ“[39m [32m[39m
20201227-123549,http://schoology.com,true,./data/12-27-2020/har-file/20201227-120205/us_alexa_schoology-0-20201227-120205.har,./data/12-27-2020/tcpdump-file/20201227-120205/us_alexa_schoology-0-20201227-120205.pcap,./data/12-27-2020/screenshot-file/20201227-120205/us_alexa_schoology-0-20201227-120205.png,- [90mhttp[39m[90m:[39m[90m/[39m[90m/[39m[1mschoology.com[22m[90m/[39m [32mâœ“[39m [32m[39m
20201227-123559,http://chess.com,true,./data/12-27-2020/har-file/20201227-120205/us_alexa_chess-0-20201227-120205.har,./data/12-27-2020/tcpdump-file/20201227-120205/us_alexa_chess-0-20201227-120205.pcap,./data/12-27-2020/screenshot-file/20201227-120205/us_alexa_chess-0-20201227-120205.png,- [90mhttp[39m[90m:[39m[90m/[39m[90m/[39m[1mchess.com[22m[90m/[39m [32mâœ“[39m [32m[39m
20201227-123610,http://redd.it,true,./data/12-27-2020/har-file/20201227-120205/us_alexa_redd-0-20201227-120205.har,./data/12-27-2020/tcpdump-file/20201227-120205/us_alexa_redd-0-20201227-120205.pcap,./data/12-27-2020/screenshot-file/20201227-120205/us_alexa_redd-0-20201227-120205.png,- [90mhttp[39m[90m:[39m[90m/[39m[90m/[39m[1mredd.it[22m[90m/[39m [32mâœ“[39m [32m[39m
20201227-123622,http://amazon.co.uk,true,./data/12-27-2020/har-file/20201227-120205/us_alexa_amazon.co-0-20201227-120205.har,./data/12-27-2020/tcpdump-file/20201227-120205/us_alexa_amazon.co-0-20201227-120205.pcap,./data/12-27-2020/screenshot-file/20201227-120205/us_alexa_amazon.co-0-20201227-120205.png,- [90mhttp[39m[90m:[39m[90m/[39m[90m/[39m[1mamazon.co.uk[22m[90m/[39m [32mâœ“[39m [32m[39m
20201227-123636,http://nike.com,true,./data/12-27-2020/har-file/20201227-120205/us_alexa_nike-0-20201227-120205.har,./data/12-27-2020/tcpdump-file/20201227-120205/us_alexa_nike-0-20201227-120205.pcap,./data/12-27-2020/screenshot-file/20201227-120205/us_alexa_nike-0-20201227-120205.png,- [90mhttp[39m[90m:[39m[90m/[39m[90m/[39m[1mnike.com[22m[90m/[39m [32mâœ“[39m [32m[39m
20201227-123650,http://thesaurus.com,true,./data/12-27-2020/har-file/20201227-120205/us_alexa_thesaurus-0-20201227-120205.har,./data/12-27-2020/tcpdump-file/20201227-120205/us_alexa_thesaurus-0-20201227-120205.pcap,./data/12-27-2020/screenshot-file/20201227-120205/us_alexa_thesaurus-0-20201227-120205.png,- [90mhttp[39m[90m:[39m[90m/[39m[90m/[39m[1mthesaurus.com[22m[90m/[39m [32mâœ“[39m [32m[39m
20201227-123714,http://usatoday.com,true,./data/12-27-2020/har-file/20201227-120205/us_alexa_usatoday-0-20201227-120205.har,./data/12-27-2020/tcpdump-file/20201227-120205/us_alexa_usatoday-0-20201227-120205.pcap,./data/12-27-2020/screenshot-file/20201227-120205/us_alexa_usatoday-0-20201227-120205.png,- [90mhttp[39m[90m:[39m[90m/[39m[90m/[39m[1musatoday.com[22m[90m/[39m [32mâœ“[39m [32m[39m
20201227-123727,http://weibo.com,true,./data/12-27-2020/har-file/20201227-120205/us_alexa_weibo-0-20201227-120205.har,./data/12-27-2020/tcpdump-file/20201227-120205/us_alexa_weibo-0-20201227-120205.pcap,./data/12-27-2020/screenshot-file/20201227-120205/us_alexa_weibo-0-20201227-120205.png,- [90mhttp[39m[90m:[39m[90m/[39m[90m/[39m[1mweibo.com[22m[90m/[39m [32mâœ“[39m [32m[39m
20201227-123739,http://ny.gov,true,./data/12-27-2020/har-file/20201227-120205/us_alexa_ny-0-20201227-120205.har,./data/12-27-2020/tcpdump-file/20201227-120205/us_alexa_ny-0-20201227-120205.pcap,./data/12-27-2020/screenshot-file/20201227-120205/us_alexa_ny-0-20201227-120205.png,- [90mhttp[39m[90m:[39m[90m/[39m[90m/[39m[1mny.gov[22m[90m/[39m [32mâœ“[39m [32m[39m
20201227-123751,http://wikihow.com,true,./data/12-27-2020/har-file/20201227-120205/us_alexa_wikihow-0-20201227-120205.har,./data/12-27-2020/tcpdump-file/20201227-120205/us_alexa_wikihow-0-20201227-120205.pcap,./data/12-27-2020/screenshot-file/20201227-120205/us_alexa_wikihow-0-20201227-120205.png,- [90mhttp[39m[90m:[39m[90m/[39m[90m/[39m[1mwikihow.com[22m[90m/[39m [32mâœ“[39m [32m[39m
20201227-123802,http://gap.com,true,./data/12-27-2020/har-file/20201227-120205/us_alexa_gap-0-20201227-120205.har,./data/12-27-2020/tcpdump-file/20201227-120205/us_alexa_gap-0-20201227-120205.pcap,./data/12-27-2020/screenshot-file/20201227-120205/us_alexa_gap-0-20201227-120205.png,- [90mhttp[39m[90m:[39m[90m/[39m[90m/[39m[1mgap.com[22m[90m/[39m [32mâœ“[39m [32m[39m
20201227-123813,http://irs.gov,true,./data/12-27-2020/har-file/20201227-120205/us_alexa_irs-0-20201227-120205.har,./data/12-27-2020/tcpdump-file/20201227-120205/us_alexa_irs-0-20201227-120205.pcap,./data/12-27-2020/screenshot-file/20201227-120205/us_alexa_irs-0-20201227-120205.png,- [90mhttp[39m[90m:[39m[90m/[39m[90m/[39m[1mirs.gov[22m[90m/[39m [32mâœ“[39m [32m[39m
20201227-123827,http://wsj.com,true,./data/12-27-2020/har-file/20201227-120205/us_alexa_wsj-0-20201227-120205.har,./data/12-27-2020/tcpdump-file/20201227-120205/us_alexa_wsj-0-20201227-120205.pcap,./data/12-27-2020/screenshot-file/20201227-120205/us_alexa_wsj-0-20201227-120205.png,- [90mhttp[39m[90m:[39m[90m/[39m[90m/[39m[1mwsj.com[22m[90m/[39m [32mâœ“[39m [32m[39m
20201227-123855,http://cbssports.com,true,./data/12-27-2020/har-file/20201227-120205/us_alexa_cbssports-0-20201227-120205.har,./data/12-27-2020/tcpdump-file/20201227-120205/us_alexa_cbssports-0-20201227-120205.pcap,./data/12-27-2020/screenshot-file/20201227-120205/us_alexa_cbssports-0-20201227-120205.png,- [90mhttp[39m[90m:[39m[90m/[39m[90m/[39m[1mcbssports.com[22m[90m/[39m [32mâœ“[39m [32m[39m
20201227-123909,http://booking.com,true,./data/12-27-2020/har-file/20201227-120205/us_alexa_booking-0-20201227-120205.har,./data/12-27-2020/tcpdump-file/20201227-120205/us_alexa_booking-0-20201227-120205.pcap,./data/12-27-2020/screenshot-file/20201227-120205/us_alexa_booking-0-20201227-120205.png,- [90mhttp[39m[90m:[39m[90m/[39m[90m/[39m[1mbooking.com[22m[90m/[39m [32mâœ“[39m [32m[39m
20201227-123928,http://nfl.com,true,./data/12-27-2020/har-file/20201227-120205/us_alexa_nfl-0-20201227-120205.har,./data/12-27-2020/tcpdump-file/20201227-120205/us_alexa_nfl-0-20201227-120205.pcap,./data/12-27-2020/screenshot-file/20201227-120205/us_alexa_nfl-0-20201227-120205.png,- [90mhttp[39m[90m:[39m[90m/[39m[90m/[39m[1mnfl.com[22m[90m/[39m [32mâœ“[39m [32m[39m
20201227-124036,http://nypost.com,false,./data/12-27-2020/har-file/20201227-120205/us_alexa_nypost-0-20201227-120205.har,./data/12-27-2020/tcpdump-file/20201227-120205/us_alexa_nypost-0-20201227-120205.pcap,./data/12-27-2020/screenshot-file/20201227-120205/us_alexa_nypost-0-20201227-120205.png,- [90mhttp[39m[90m:[39m[90m/[39m[90m/[39m[1mnypost.com[22m[90m/[39m [31mâœ—[39m [31m Timed out[39m [31m[39m
20201227-124048,http://doordash.com,true,./data/12-27-2020/har-file/20201227-120205/us_alexa_doordash-0-20201227-120205.har,./data/12-27-2020/tcpdump-file/20201227-120205/us_alexa_doordash-0-20201227-120205.pcap,./data/12-27-2020/screenshot-file/20201227-120205/us_alexa_doordash-0-20201227-120205.png,- [90mhttp[39m[90m:[39m[90m/[39m[90m/[39m[1mdoordash.com[22m[90m/[39m [32mâœ“[39m [32m[39m
20201227-124101,http://discover.com,true,./data/12-27-2020/har-file/20201227-120205/us_alexa_discover-0-20201227-120205.har,./data/12-27-2020/tcpdump-file/20201227-120205/us_alexa_discover-0-20201227-120205.pcap,./data/12-27-2020/screenshot-file/20201227-120205/us_alexa_discover-0-20201227-120205.png,- [90mhttp[39m[90m:[39m[90m/[39m[90m/[39m[1mdiscover.com[22m[90m/[39m [32mâœ“[39m [32m[39m
20201227-124154,http://dailymail.co.uk,true,./data/12-27-2020/har-file/20201227-120205/us_alexa_dailymail.co-0-20201227-120205.har,./data/12-27-2020/tcpdump-file/20201227-120205/us_alexa_dailymail.co-0-20201227-120205.pcap,./data/12-27-2020/screenshot-file/20201227-120205/us_alexa_dailymail.co-0-20201227-120205.png,- [90mhttp[39m[90m:[39m[90m/[39m[90m/[39m[1mdailymail.co.uk[22m[90m/[39m [32mâœ“[39m [32m[39m
20201227-124204,http://bhphotovideo.com,true,./data/12-27-2020/har-file/20201227-120205/us_alexa_bhphotovideo-0-20201227-120205.har,./data/12-27-2020/tcpdump-file/20201227-120205/us_alexa_bhphotovideo-0-20201227-120205.pcap,./data/12-27-2020/screenshot-file/20201227-120205/us_alexa_bhphotovideo-0-20201227-120205.png,- [90mhttp[39m[90m:[39m[90m/[39m[90m/[39m[1mbhphotovideo.com[22m[90m/[39m [32mâœ“[39m [32m[39m
20201227-124217,http://blackboard.com,true,./data/12-27-2020/har-file/20201227-120205/us_alexa_blackboard-0-20201227-120205.har,./data/12-27-2020/tcpdump-file/20201227-120205/us_alexa_blackboard-0-20201227-120205.pcap,./data/12-27-2020/screenshot-file/20201227-120205/us_alexa_blackboard-0-20201227-120205.png,- [90mhttp[39m[90m:[39m[90m/[39m[90m/[39m[1mblackboard.com[22m[90m/[39m [32mâœ“[39m [32m[39m
20201227-124232,http://shutterstock.com,true,./data/12-27-2020/har-file/20201227-120205/us_alexa_shutterstock-0-20201227-120205.har,./data/12-27-2020/tcpdump-file/20201227-120205/us_alexa_shutterstock-0-20201227-120205.pcap,./data/12-27-2020/screenshot-file/20201227-120205/us_alexa_shutterstock-0-20201227-120205.png,- [90mhttp[39m[90m:[39m[90m/[39m[90m/[39m[1mshutterstock.com[22m[90m/[39m [32mâœ“[39m [32m[39m
20201227-124246,http://webex.com,true,./data/12-27-2020/har-file/20201227-120205/us_alexa_webex-0-20201227-120205.har,./data/12-27-2020/tcpdump-file/20201227-120205/us_alexa_webex-0-20201227-120205.pcap,./data/12-27-2020/screenshot-file/20201227-120205/us_alexa_webex-0-20201227-120205.png,- [90mhttp[39m[90m:[39m[90m/[39m[90m/[39m[1mwebex.com[22m[90m/[39m [32mâœ“[39m [32m[39m
20201227-124259,http://xhamster.com,true,./data/12-27-2020/har-file/20201227-120205/us_alexa_xhamster-0-20201227-120205.har,./data/12-27-2020/tcpdump-file/20201227-120205/us_alexa_xhamster-0-20201227-120205.pcap,./data/12-27-2020/screenshot-file/20201227-120205/us_alexa_xhamster-0-20201227-120205.png,- [90mhttp[39m[90m:[39m[90m/[39m[90m/[39m[1mxhamster.com[22m[90m/[39m [32mâœ“[39m [32m[39m
20201227-124339,http://myworkday.com,false,./data/12-27-2020/har-file/20201227-120205/us_alexa_myworkday-0-20201227-120205.har,./data/12-27-2020/tcpdump-file/20201227-120205/us_alexa_myworkday-0-20201227-120205.pcap,./data/12-27-2020/screenshot-file/20201227-120205/us_alexa_myworkday-0-20201227-120205.png,- [90mhttp[39m[90m:[39m[90m/[39m[90m/[39m[1mmyworkday.com[22m[90m/[39m [31mâœ—[39m [31m net::ERR_CONNECTION_TIMED_OUT[39m [31m[39m
20201227-124349,http://npr.org,true,./data/12-27-2020/har-file/20201227-120205/us_alexa_npr-0-20201227-120205.har,./data/12-27-2020/tcpdump-file/20201227-120205/us_alexa_npr-0-20201227-120205.pcap,./data/12-27-2020/screenshot-file/20201227-120205/us_alexa_npr-0-20201227-120205.png,- [90mhttp[39m[90m:[39m[90m/[39m[90m/[39m[1mnpr.org[22m[90m/[39m [32mâœ“[39m [32m[39m
20201227-124402,http://ikea.com,true,./data/12-27-2020/har-file/20201227-120205/us_alexa_ikea-0-20201227-120205.har,./data/12-27-2020/tcpdump-file/20201227-120205/us_alexa_ikea-0-20201227-120205.pcap,./data/12-27-2020/screenshot-file/20201227-120205/us_alexa_ikea-0-20201227-120205.png,- [90mhttp[39m[90m:[39m[90m/[39m[90m/[39m[1mikea.com[22m[90m/[39m [32mâœ“[39m [32m[39m
20201227-124419,http://gamestop.com,true,./data/12-27-2020/har-file/20201227-120205/us_alexa_gamestop-0-20201227-120205.har,./data/12-27-2020/tcpdump-file/20201227-120205/us_alexa_gamestop-0-20201227-120205.pcap,./data/12-27-2020/screenshot-file/20201227-120205/us_alexa_gamestop-0-20201227-120205.png,- [90mhttp[39m[90m:[39m[90m/[39m[90m/[39m[1mgamestop.com[22m[90m/[39m [32mâœ“[39m [32m[39m
20201227-124440,http://westernjournal.com,true,./data/12-27-2020/har-file/20201227-120205/us_alexa_westernjournal-0-20201227-120205.har,./data/12-27-2020/tcpdump-file/20201227-120205/us_alexa_westernjournal-0-20201227-120205.pcap,./data/12-27-2020/screenshot-file/20201227-120205/us_alexa_westernjournal-0-20201227-120205.png,- [90mhttp[39m[90m:[39m[90m/[39m[90m/[39m[1mwesternjournal.com[22m[90m/[39m [32mâœ“[39m [32m[39m
20201227-124455,http://constantcontact.com,true,./data/12-27-2020/har-file/20201227-120205/us_alexa_constantcontact-0-20201227-120205.har,./data/12-27-2020/tcpdump-file/20201227-120205/us_alexa_constantcontact-0-20201227-120205.pcap,./data/12-27-2020/screenshot-file/20201227-120205/us_alexa_constantcontact-0-20201227-120205.png,- [90mhttp[39m[90m:[39m[90m/[39m[90m/[39m[1mconstantcontact.com[22m[90m/[39m [32mâœ“[39m [32m[39m
20201227-124506,http://padlet.com,true,./data/12-27-2020/har-file/20201227-120205/us_alexa_padlet-0-20201227-120205.har,./data/12-27-2020/tcpdump-file/20201227-120205/us_alexa_padlet-0-20201227-120205.pcap,./data/12-27-2020/screenshot-file/20201227-120205/us_alexa_padlet-0-20201227-120205.png,- [90mhttp[39m[90m:[39m[90m/[39m[90m/[39m[1mpadlet.com[22m[90m/[39m [32mâœ“[39m [32m[39m
20201227-124521,http://bbc.co.uk,true,./data/12-27-2020/har-file/20201227-120205/us_alexa_bbc.co-0-20201227-120205.har,./data/12-27-2020/tcpdump-file/20201227-120205/us_alexa_bbc.co-0-20201227-120205.pcap,./data/12-27-2020/screenshot-file/20201227-120205/us_alexa_bbc.co-0-20201227-120205.png,- [90mhttp[39m[90m:[39m[90m/[39m[90m/[39m[1mbbc.co.uk[22m[90m/[39m [32mâœ“[39m [32m[39m
20201227-124536,http://dell.com,true,./data/12-27-2020/har-file/20201227-120205/us_alexa_dell-0-20201227-120205.har,./data/12-27-2020/tcpdump-file/20201227-120205/us_alexa_dell-0-20201227-120205.pcap,./data/12-27-2020/screenshot-file/20201227-120205/us_alexa_dell-0-20201227-120205.png,- [90mhttp[39m[90m:[39m[90m/[39m[90m/[39m[1mdell.com[22m[90m/[39m [32mâœ“[39m [32m[39m
20201227-124553,http://t-mobile.com,true,./data/12-27-2020/har-file/20201227-120205/us_alexa_t-mobile-0-20201227-120205.har,./data/12-27-2020/tcpdump-file/20201227-120205/us_alexa_t-mobile-0-20201227-120205.pcap,./data/12-27-2020/screenshot-file/20201227-120205/us_alexa_t-mobile-0-20201227-120205.png,- [90mhttp[39m[90m:[39m[90m/[39m[90m/[39m[1mt-mobile.com[22m[90m/[39m [32mâœ“[39m [32m[39m
20201227-124605,http://narvar.com,true,./data/12-27-2020/har-file/20201227-120205/us_alexa_narvar-0-20201227-120205.har,./data/12-27-2020/tcpdump-file/20201227-120205/us_alexa_narvar-0-20201227-120205.pcap,./data/12-27-2020/screenshot-file/20201227-120205/us_alexa_narvar-0-20201227-120205.png,- [90mhttp[39m[90m:[39m[90m/[39m[90m/[39m[1mnarvar.com[22m[90m/[39m [32mâœ“[39m [32m[39m
20201227-124615,http://bedbathandbeyond.com,true,./data/12-27-2020/har-file/20201227-120205/us_alexa_bedbathandbeyond-0-20201227-120205.har,./data/12-27-2020/tcpdump-file/20201227-120205/us_alexa_bedbathandbeyond-0-20201227-120205.pcap,./data/12-27-2020/screenshot-file/20201227-120205/us_alexa_bedbathandbeyond-0-20201227-120205.png,- [90mhttp[39m[90m:[39m[90m/[39m[90m/[39m[1mbedbathandbeyond.com[22m[90m/[39m [32mâœ“[39m [32m[39m
20201227-124627,http://mheducation.com,true,./data/12-27-2020/har-file/20201227-120205/us_alexa_mheducation-0-20201227-120205.har,./data/12-27-2020/tcpdump-file/20201227-120205/us_alexa_mheducation-0-20201227-120205.pcap,./data/12-27-2020/screenshot-file/20201227-120205/us_alexa_mheducation-0-20201227-120205.png,- [90mhttp[39m[90m:[39m[90m/[39m[90m/[39m[1mmheducation.com[22m[90m/[39m [32mâœ“[39m [32m[39m
20201227-124712,http://eatthis.com,true,./data/12-27-2020/har-file/20201227-120205/us_alexa_eatthis-0-20201227-120205.har,./data/12-27-2020/tcpdump-file/20201227-120205/us_alexa_eatthis-0-20201227-120205.pcap,./data/12-27-2020/screenshot-file/20201227-120205/us_alexa_eatthis-0-20201227-120205.png,- [90mhttp[39m[90m:[39m[90m/[39m[90m/[39m[1meatthis.com[22m[90m/[39m [32mâœ“[39m [32m[39m
20201227-124723,http://cdc.gov,true,./data/12-27-2020/har-file/20201227-120205/us_alexa_cdc-0-20201227-120205.har,./data/12-27-2020/tcpdump-file/20201227-120205/us_alexa_cdc-0-20201227-120205.pcap,./data/12-27-2020/screenshot-file/20201227-120205/us_alexa_cdc-0-20201227-120205.png,- [90mhttp[39m[90m:[39m[90m/[39m[90m/[39m[1mcdc.gov[22m[90m/[39m [32mâœ“[39m [32m[39m
20201227-124735,http://zoho.com,true,./data/12-27-2020/har-file/20201227-120205/us_alexa_zoho-0-20201227-120205.har,./data/12-27-2020/tcpdump-file/20201227-120205/us_alexa_zoho-0-20201227-120205.pcap,./data/12-27-2020/screenshot-file/20201227-120205/us_alexa_zoho-0-20201227-120205.png,- [90mhttp[39m[90m:[39m[90m/[39m[90m/[39m[1mzoho.com[22m[90m/[39m [32mâœ“[39m [32m[39m
20201227-124746,http://crunchyroll.com,true,./data/12-27-2020/har-file/20201227-120205/us_alexa_crunchyroll-0-20201227-120205.har,./data/12-27-2020/tcpdump-file/20201227-120205/us_alexa_crunchyroll-0-20201227-120205.pcap,./data/12-27-2020/screenshot-file/20201227-120205/us_alexa_crunchyroll-0-20201227-120205.png,- [90mhttp[39m[90m:[39m[90m/[39m[90m/[39m[1mcrunchyroll.com[22m[90m/[39m [32mâœ“[39m [32m[39m
20201227-124758,http://pandora.com,true,./data/12-27-2020/har-file/20201227-120205/us_alexa_pandora-0-20201227-120205.har,./data/12-27-2020/tcpdump-file/20201227-120205/us_alexa_pandora-0-20201227-120205.pcap,./data/12-27-2020/screenshot-file/20201227-120205/us_alexa_pandora-0-20201227-120205.png,- [90mhttp[39m[90m:[39m[90m/[39m[90m/[39m[1mpandora.com[22m[90m/[39m [32mâœ“[39m [32m[39m
20201227-124809,http://goodreads.com,true,./data/12-27-2020/har-file/20201227-120205/us_alexa_goodreads-0-20201227-120205.har,./data/12-27-2020/tcpdump-file/20201227-120205/us_alexa_goodreads-0-20201227-120205.pcap,./data/12-27-2020/screenshot-file/20201227-120205/us_alexa_goodreads-0-20201227-120205.png,- [90mhttp[39m[90m:[39m[90m/[39m[90m/[39m[1mgoodreads.com[22m[90m/[39m [32mâœ“[39m [32m[39m
20201227-124822,http://box.com,true,./data/12-27-2020/har-file/20201227-120205/us_alexa_box-0-20201227-120205.har,./data/12-27-2020/tcpdump-file/20201227-120205/us_alexa_box-0-20201227-120205.pcap,./data/12-27-2020/screenshot-file/20201227-120205/us_alexa_box-0-20201227-120205.png,- [90mhttp[39m[90m:[39m[90m/[39m[90m/[39m[1mbox.com[22m[90m/[39m [32mâœ“[39m [32m[39m
20201227-124835,http://worldometers.info,true,./data/12-27-2020/har-file/20201227-120205/us_alexa_worldometers-0-20201227-120205.har,./data/12-27-2020/tcpdump-file/20201227-120205/us_alexa_worldometers-0-20201227-120205.pcap,./data/12-27-2020/screenshot-file/20201227-120205/us_alexa_worldometers-0-20201227-120205.png,- [90mhttp[39m[90m:[39m[90m/[39m[90m/[39m[1mworldometers.info[22m[90m/[39m [32mâœ“[39m [32m[39m
20201227-124853,http://marketwatch.com,true,./data/12-27-2020/har-file/20201227-120205/us_alexa_marketwatch-0-20201227-120205.har,./data/12-27-2020/tcpdump-file/20201227-120205/us_alexa_marketwatch-0-20201227-120205.pcap,./data/12-27-2020/screenshot-file/20201227-120205/us_alexa_marketwatch-0-20201227-120205.png,- [90mhttp[39m[90m:[39m[90m/[39m[90m/[39m[1mmarketwatch.com[22m[90m/[39m [32mâœ“[39m [32m[39m
20201227-124911,http://bloomberg.com,true,./data/12-27-2020/har-file/20201227-120205/us_alexa_bloomberg-0-20201227-120205.har,./data/12-27-2020/tcpdump-file/20201227-120205/us_alexa_bloomberg-0-20201227-120205.pcap,./data/12-27-2020/screenshot-file/20201227-120205/us_alexa_bloomberg-0-20201227-120205.png,- [90mhttp[39m[90m:[39m[90m/[39m[90m/[39m[1mbloomberg.com[22m[90m/[39m [32mâœ“[39m [32m[39m
20201227-124924,http://gamepedia.com,true,./data/12-27-2020/har-file/20201227-120205/us_alexa_gamepedia-0-20201227-120205.har,./data/12-27-2020/tcpdump-file/20201227-120205/us_alexa_gamepedia-0-20201227-120205.pcap,./data/12-27-2020/screenshot-file/20201227-120205/us_alexa_gamepedia-0-20201227-120205.png,- [90mhttp[39m[90m:[39m[90m/[39m[90m/[39m[1mgamepedia.com[22m[90m/[39m [32mâœ“[39m [32m[39m
20201227-124940,http://walgreens.com,true,./data/12-27-2020/har-file/20201227-120205/us_alexa_walgreens-0-20201227-120205.har,./data/12-27-2020/tcpdump-file/20201227-120205/us_alexa_walgreens-0-20201227-120205.pcap,./data/12-27-2020/screenshot-file/20201227-120205/us_alexa_walgreens-0-20201227-120205.png,- [90mhttp[39m[90m:[39m[90m/[39m[90m/[39m[1mwalgreens.com[22m[90m/[39m [32mâœ“[39m [32m[39m
20201227-125047,http://wowhead.com,true,./data/12-27-2020/har-file/20201227-120205/us_alexa_wowhead-0-20201227-120205.har,./data/12-27-2020/tcpdump-file/20201227-120205/us_alexa_wowhead-0-20201227-120205.pcap,./data/12-27-2020/screenshot-file/20201227-120205/us_alexa_wowhead-0-20201227-120205.png,- [90mhttp[39m[90m:[39m[90m/[39m[90m/[39m[1mwowhead.com[22m[90m/[39m [32mâœ“[39m [32m[39m
20201227-125101,http://shutterfly.com,true,./data/12-27-2020/har-file/20201227-120205/us_alexa_shutterfly-0-20201227-120205.har,./data/12-27-2020/tcpdump-file/20201227-120205/us_alexa_shutterfly-0-20201227-120205.pcap,./data/12-27-2020/screenshot-file/20201227-120205/us_alexa_shutterfly-0-20201227-120205.png,- [90mhttp[39m[90m:[39m[90m/[39m[90m/[39m[1mshutterfly.com[22m[90m/[39m [32mâœ“[39m [32m[39m
20201227-125114,http://weebly.com,true,./data/12-27-2020/har-file/20201227-120205/us_alexa_weebly-0-20201227-120205.har,./data/12-27-2020/tcpdump-file/20201227-120205/us_alexa_weebly-0-20201227-120205.pcap,./data/12-27-2020/screenshot-file/20201227-120205/us_alexa_weebly-0-20201227-120205.png,- [90mhttp[39m[90m:[39m[90m/[39m[90m/[39m[1mweebly.com[22m[90m/[39m [32mâœ“[39m [32m[39m
20201227-125128,http://tripadvisor.com,true,./data/12-27-2020/har-file/20201227-120205/us_alexa_tripadvisor-0-20201227-120205.har,./data/12-27-2020/tcpdump-file/20201227-120205/us_alexa_tripadvisor-0-20201227-120205.pcap,./data/12-27-2020/screenshot-file/20201227-120205/us_alexa_tripadvisor-0-20201227-120205.png,- [90mhttp[39m[90m:[39m[90m/[39m[90m/[39m[1mtripadvisor.com[22m[90m/[39m [32mâœ“[39m [32m[39m
20201227-125142,http://usbank.com,true,./data/12-27-2020/har-file/20201227-120205/us_alexa_usbank-0-20201227-120205.har,./data/12-27-2020/tcpdump-file/20201227-120205/us_alexa_usbank-0-20201227-120205.pcap,./data/12-27-2020/screenshot-file/20201227-120205/us_alexa_usbank-0-20201227-120205.png,- [90mhttp[39m[90m:[39m[90m/[39m[90m/[39m[1musbank.com[22m[90m/[39m [32mâœ“[39m [32m[39m
20201227-125209,http://nbcnews.com,true,./data/12-27-2020/har-file/20201227-120205/us_alexa_nbcnews-0-20201227-120205.har,./data/12-27-2020/tcpdump-file/20201227-120205/us_alexa_nbcnews-0-20201227-120205.pcap,./data/12-27-2020/screenshot-file/20201227-120205/us_alexa_nbcnews-0-20201227-120205.png,- [90mhttp[39m[90m:[39m[90m/[39m[90m/[39m[1mnbcnews.com[22m[90m/[39m [32mâœ“[39m [32m[39m
20201227-125224,http://hootsuite.com,true,./data/12-27-2020/har-file/20201227-120205/us_alexa_hootsuite-0-20201227-120205.har,./data/12-27-2020/tcpdump-file/20201227-120205/us_alexa_hootsuite-0-20201227-120205.pcap,./data/12-27-2020/screenshot-file/20201227-120205/us_alexa_hootsuite-0-20201227-120205.png,- [90mhttp[39m[90m:[39m[90m/[39m[90m/[39m[1mhootsuite.com[22m[90m/[39m [32mâœ“[39m [32m[39m
20201227-125236,http://amazon.co.jp,true,./data/12-27-2020/har-file/20201227-120205/us_alexa_amazon.co-0-20201227-120205.har,./data/12-27-2020/tcpdump-file/20201227-120205/us_alexa_amazon.co-0-20201227-120205.pcap,./data/12-27-2020/screenshot-file/20201227-120205/us_alexa_amazon.co-0-20201227-120205.png,- [90mhttp[39m[90m:[39m[90m/[39m[90m/[39m[1mamazon.co.jp[22m[90m/[39m [32mâœ“[39m [32m[39m
20201227-125249,http://creditkarma.com,true,./data/12-27-2020/har-file/20201227-120205/us_alexa_creditkarma-0-20201227-120205.har,./data/12-27-2020/tcpdump-file/20201227-120205/us_alexa_creditkarma-0-20201227-120205.pcap,./data/12-27-2020/screenshot-file/20201227-120205/us_alexa_creditkarma-0-20201227-120205.png,- [90mhttp[39m[90m:[39m[90m/[39m[90m/[39m[1mcreditkarma.com[22m[90m/[39m [32mâœ“[39m [32m[39m
20201227-125315,http://webmd.com,true,./data/12-27-2020/har-file/20201227-120205/us_alexa_webmd-0-20201227-120205.har,./data/12-27-2020/tcpdump-file/20201227-120205/us_alexa_webmd-0-20201227-120205.pcap,./data/12-27-2020/screenshot-file/20201227-120205/us_alexa_webmd-0-20201227-120205.png,- [90mhttp[39m[90m:[39m[90m/[39m[90m/[39m[1mwebmd.com[22m[90m/[39m [32mâœ“[39m [32m[39m
20201227-125328,http://go.com,true,./data/12-27-2020/har-file/20201227-120205/us_alexa_go-0-20201227-120205.har,./data/12-27-2020/tcpdump-file/20201227-120205/us_alexa_go-0-20201227-120205.pcap,./data/12-27-2020/screenshot-file/20201227-120205/us_alexa_go-0-20201227-120205.png,- [90mhttp[39m[90m:[39m[90m/[39m[90m/[39m[1mgo.com[22m[90m/[39m [32mâœ“[39m [32m[39m
20201227-125350,http://yahoo.co.jp,true,./data/12-27-2020/har-file/20201227-120205/us_alexa_yahoo.co-0-20201227-120205.har,./data/12-27-2020/tcpdump-file/20201227-120205/us_alexa_yahoo.co-0-20201227-120205.pcap,./data/12-27-2020/screenshot-file/20201227-120205/us_alexa_yahoo.co-0-20201227-120205.png,- [90mhttp[39m[90m:[39m[90m/[39m[90m/[39m[1myahoo.co.jp[22m[90m/[39m [32mâœ“[39m [32m[39m
20201227-125402,http://w3schools.com,true,./data/12-27-2020/har-file/20201227-120205/us_alexa_w3schools-0-20201227-120205.har,./data/12-27-2020/tcpdump-file/20201227-120205/us_alexa_w3schools-0-20201227-120205.pcap,./data/12-27-2020/screenshot-file/20201227-120205/us_alexa_w3schools-0-20201227-120205.png,- [90mhttp[39m[90m:[39m[90m/[39m[90m/[39m[1mw3schools.com[22m[90m/[39m [32mâœ“[39m [32m[39m
20201227-125414,http://onlyfans.com,true,./data/12-27-2020/har-file/20201227-120205/us_alexa_onlyfans-0-20201227-120205.har,./data/12-27-2020/tcpdump-file/20201227-120205/us_alexa_onlyfans-0-20201227-120205.pcap,./data/12-27-2020/screenshot-file/20201227-120205/us_alexa_onlyfans-0-20201227-120205.png,- [90mhttp[39m[90m:[39m[90m/[39m[90m/[39m[1monlyfans.com[22m[90m/[39m [32mâœ“[39m [32m[39m
20201227-125427,http://archive.org,true,./data/12-27-2020/har-file/20201227-120205/us_alexa_archive-0-20201227-120205.har,./data/12-27-2020/tcpdump-file/20201227-120205/us_alexa_archive-0-20201227-120205.pcap,./data/12-27-2020/screenshot-file/20201227-120205/us_alexa_archive-0-20201227-120205.png,- [90mhttp[39m[90m:[39m[90m/[39m[90m/[39m[1marchive.org[22m[90m/[39m [32mâœ“[39m [32m[39m
20201227-125443,http://dickssportinggoods.com,true,./data/12-27-2020/har-file/20201227-120205/us_alexa_dickssportinggoods-0-20201227-120205.har,./data/12-27-2020/tcpdump-file/20201227-120205/us_alexa_dickssportinggoods-0-20201227-120205.pcap,./data/12-27-2020/screenshot-file/20201227-120205/us_alexa_dickssportinggoods-0-20201227-120205.png,- [90mhttp[39m[90m:[39m[90m/[39m[90m/[39m[1mdickssportinggoods.com[22m[90m/[39m [32mâœ“[39m [32m[39m
20201227-125454,http://nordstrom.com,true,./data/12-27-2020/har-file/20201227-120205/us_alexa_nordstrom-0-20201227-120205.har,./data/12-27-2020/tcpdump-file/20201227-120205/us_alexa_nordstrom-0-20201227-120205.pcap,./data/12-27-2020/screenshot-file/20201227-120205/us_alexa_nordstrom-0-20201227-120205.png,- [90mhttp[39m[90m:[39m[90m/[39m[90m/[39m[1mnordstrom.com[22m[90m/[39m [32mâœ“[39m [32m[39m
20201227-125508,http://xnxx.com,true,./data/12-27-2020/har-file/20201227-120205/us_alexa_xnxx-0-20201227-120205.har,./data/12-27-2020/tcpdump-file/20201227-120205/us_alexa_xnxx-0-20201227-120205.pcap,./data/12-27-2020/screenshot-file/20201227-120205/us_alexa_xnxx-0-20201227-120205.png,- [90mhttp[39m[90m:[39m[90m/[39m[90m/[39m[1mxnxx.com[22m[90m/[39m [32mâœ“[39m [32m[39m
