radio_type,carrier,interval,timestamp,RTT1,RTT2,Network,KeepOrDrop
5G-NSA-Low-Band,TMobile,8,1609120427326,320,319,4,YEP
5G-NSA-Low-Band,TMobile,8.01,1609120435655,303,303,4,YEP
5G-NSA-Low-Band,TMobile,8.02,1609120443978,300,301,4,YEP
5G-NSA-Low-Band,TMobile,8.03,1609120452309,290,289,4,YEP
5G-NSA-Low-Band,TMobile,8.04,1609120460638,280,280,4,YEP
5G-NSA-Low-Band,TMobile,8.05,1609120468968,270,271,4,YEP
5G-NSA-Low-Band,TMobile,8.06,1609120477299,259,259,4,YEP
5G-NSA-Low-Band,TMobile,8.07,1609120485629,250,250,4,YEP
5G-NSA-Low-Band,TMobile,8.08,1609120493959,240,240,4,YEP
5G-NSA-Low-Band,TMobile,8.09,1609120502289,230,230,4,YEP
5G-NSA-Low-Band,TMobile,8.1,1609120510619,227,226,4,YEP
5G-NSA-Low-Band,TMobile,8.11,1609120518956,203,203,4,YEP
5G-NSA-Low-Band,TMobile,8.12,1609120527279,200,199,4,YEP
5G-NSA-Low-Band,TMobile,8.13,1609120535608,197,197,4,YEP
5G-NSA-Low-Band,TMobile,8.14,1609120543945,173,173,4,YEP
5G-NSA-Low-Band,TMobile,8.15,1609120552269,170,169,4,YEP
5G-NSA-Low-Band,TMobile,8.16,1609120560599,160,160,4,YEP
5G-NSA-Low-Band,TMobile,8.17,1609120568929,150,149,4,YEP
5G-NSA-Low-Band,TMobile,8.18,1609120577259,140,139,4,YEP
5G-NSA-Low-Band,TMobile,8.19,1609120585589,130,129,4,YEP
5G-NSA-Low-Band,TMobile,8.2,1609120593919,120,119,4,YEP
5G-NSA-Low-Band,TMobile,8.21,1609120602249,117,116,4,YEP
5G-NSA-Low-Band,TMobile,8.22,1609120610585,93,93,4,YEP
5G-NSA-Low-Band,TMobile,8.23,1609120618908,90,90,4,YEP
5G-NSA-Low-Band,TMobile,8.24,1609120627238,400,400,4,YEP
5G-NSA-Low-Band,TMobile,8.25,1609120635889,394,393,4,YEP
5G-NSA-Low-Band,TMobile,8.26,1609120644542,376,376,4,YEP
5G-NSA-Low-Band,TMobile,8.27,1609120653188,370,371,4,YEP
5G-NSA-Low-Band,TMobile,8.28,1609120661839,360,359,4,YEP
5G-NSA-Low-Band,TMobile,8.29,1609120670488,350,350,4,YEP
5G-NSA-Low-Band,TMobile,8.3,1609120679139,340,339,4,YEP
5G-NSA-Low-Band,TMobile,8.31,1609120687788,330,330,4,YEP
5G-NSA-Low-Band,TMobile,8.32,1609120696438,320,320,4,YEP
5G-NSA-Low-Band,TMobile,8.33,1609120705088,310,310,4,YEP
5G-NSA-Low-Band,TMobile,8.34,1609120713739,300,300,4,YEP
5G-NSA-Low-Band,TMobile,8.35,1609120722389,293,293,4,YEP
5G-NSA-Low-Band,TMobile,8.36,1609120731042,276,277,4,YEP
5G-NSA-Low-Band,TMobile,8.37,1609120739689,270,269,4,YEP
5G-NSA-Low-Band,TMobile,8.38,1609120748339,286,285,4,YEP
5G-NSA-Low-Band,TMobile,8.39,1609120757014,224,224,4,YEP
5G-NSA-Low-Band,TMobile,8.4,1609120765639,240,239,4,YEP
5G-NSA-Low-Band,TMobile,8.41,1609120774289,230,229,4,YEP
5G-NSA-Low-Band,TMobile,8.42,1609120782938,220,220,4,YEP
5G-NSA-Low-Band,TMobile,8.43,1609120791589,210,210,4,YEP
5G-NSA-Low-Band,TMobile,8.44,1609120800239,200,199,4,YEP
5G-NSA-Low-Band,TMobile,8.45,1609120808888,190,190,4,YEP
5G-NSA-Low-Band,TMobile,8.46,1609120817539,180,179,4,YEP
5G-NSA-Low-Band,TMobile,8.47,1609120826189,170,169,4,YEP
5G-NSA-Low-Band,TMobile,8.48,1609120834839,160,160,4,YEP
5G-NSA-Low-Band,TMobile,8.49,1609120843489,169,170,4,YEP
5G-NSA-Low-Band,TMobile,8.5,1609120852159,139,139,4,YEP
5G-NSA-Low-Band,TMobile,8.51,1609120860809,110,110,4,YEP
5G-NSA-Low-Band,TMobile,8.52,1609120869439,127,128,4,YEP
5G-NSA-Low-Band,TMobile,8.53,1609120878097,110,110,4,YEP
5G-NSA-Low-Band,TMobile,8.54,1609120886747,92,91,4,YEP
5G-NSA-Low-Band,TMobile,8.55,1609120895389,90,89,4,YEP
5G-NSA-Low-Band,TMobile,8.56,1609120904039,400,399,4,YEP
5G-NSA-Low-Band,TMobile,8.57,1609120913009,400,400,4,YEP
5G-NSA-Low-Band,TMobile,8.58,1609120921989,369,369,4,YEP
5G-NSA-Low-Band,TMobile,8.59,1609120930949,370,370,4,YEP
5G-NSA-Low-Band,TMobile,8.6,1609120939919,360,360,4,YEP
5G-NSA-Low-Band,TMobile,8.61,1609120948889,350,349,4,YEP
5G-NSA-Low-Band,TMobile,8.62,1609120957859,340,339,4,YEP
5G-NSA-Low-Band,TMobile,8.63,1609120966829,330,330,4,YEP
5G-NSA-Low-Band,TMobile,8.64,1609120975799,321,321,4,YEP
5G-NSA-Low-Band,TMobile,8.65,1609120984770,309,309,4,YEP
5G-NSA-Low-Band,TMobile,8.66,1609120993739,300,300,4,YEP
5G-NSA-Low-Band,TMobile,8.67,1609121002709,289,290,4,YEP
5G-NSA-Low-Band,TMobile,8.68,1609121011679,280,279,4,YEP
5G-NSA-Low-Band,TMobile,8.69,1609121020649,270,269,4,YEP
5G-NSA-Low-Band,TMobile,8.7,1609121029619,269,268,4,YEP
5G-NSA-Low-Band,TMobile,8.71,1609121038598,241,241,4,YEP
5G-NSA-Low-Band,TMobile,8.72,1609121047559,240,240,4,YEP
5G-NSA-Low-Band,TMobile,8.73,1609121056529,238,238,4,YEP
5G-NSA-Low-Band,TMobile,8.74,1609121065507,233,232,4,YEP
5G-NSA-Low-Band,TMobile,8.75,1609121074489,189,190,4,YEP
5G-NSA-Low-Band,TMobile,8.76,1609121083439,206,206,4,YEP
5G-NSA-Low-Band,TMobile,8.77,1609121092415,184,184,4,YEP
5G-NSA-Low-Band,TMobile,8.78,1609121101379,179,179,4,YEP
5G-NSA-Low-Band,TMobile,8.79,1609121110349,170,169,4,YEP
5G-NSA-Low-Band,TMobile,8.8,1609121119319,180,180,4,YEP
5G-NSA-Low-Band,TMobile,8.81,1609121128309,137,136,4,YEP
5G-NSA-Low-Band,TMobile,8.82,1609121137266,133,133,4,YEP
5G-NSA-Low-Band,TMobile,8.83,1609121146229,130,130,4,YEP
5G-NSA-Low-Band,TMobile,8.84,1609121155199,140,140,4,YEP
5G-NSA-Low-Band,TMobile,8.85,1609121164189,90,90,4,YEP
5G-NSA-Low-Band,TMobile,8.86,1609121173139,99,100,4,YEP
5G-NSA-Low-Band,TMobile,8.87,1609121182109,90,89,4,YEP
5G-NSA-Low-Band,TMobile,8.88,1609121191079,400,399,4,YEP
5G-NSA-Low-Band,TMobile,8.89,1609121200369,390,390,4,YEP
5G-NSA-Low-Band,TMobile,8.9,1609121209659,379,379,4,YEP
5G-NSA-Low-Band,TMobile,8.91,1609121218949,390,390,4,YEP
5G-NSA-Low-Band,TMobile,8.92,1609121228259,339,339,4,YEP
5G-NSA-Low-Band,TMobile,8.93,1609121237529,351,351,4,YEP
5G-NSA-Low-Band,TMobile,8.94,1609121246820,339,339,4,YEP
5G-NSA-Low-Band,TMobile,8.95,1609121256109,335,334,4,YEP
5G-NSA-Low-Band,TMobile,8.96,1609121265404,315,314,4,YEP
5G-NSA-Low-Band,TMobile,8.97,1609121274689,310,309,4,YEP
5G-NSA-Low-Band,TMobile,8.98,1609121283979,300,299,4,YEP
5G-NSA-Low-Band,TMobile,8.99,1609121293269,290,289,4,YEP
5G-NSA-Low-Band,TMobile,9,1609121302559,280,279,4,YEP
5G-NSA-Low-Band,TMobile,9.01,1609121311849,276,276,4,YEP
5G-NSA-Low-Band,TMobile,9.02,1609121321145,254,254,4,YEP
5G-NSA-Low-Band,TMobile,9.03,1609121330429,250,250,4,YEP
5G-NSA-Low-Band,TMobile,9.04,1609121339719,240,239,4,YEP
5G-NSA-Low-Band,TMobile,9.05,1609121349009,230,230,4,YEP
5G-NSA-Low-Band,TMobile,9.06,1609121358299,219,219,4,YEP
5G-NSA-Low-Band,TMobile,9.07,1609121367589,190,190,4,YEP
5G-NSA-Low-Band,TMobile,9.08,1609121376859,220,219,4,YEP
5G-NSA-Low-Band,TMobile,9.09,1609121386169,190,190,4,YEP
5G-NSA-Low-Band,TMobile,9.1,1609121395459,180,179,4,YEP
5G-NSA-Low-Band,TMobile,9.11,1609121404749,170,169,4,YEP
5G-NSA-Low-Band,TMobile,9.12,1609121414039,160,160,4,YEP
5G-NSA-Low-Band,TMobile,9.13,1609121423329,157,157,4,YEP
5G-NSA-Low-Band,TMobile,9.14,1609121432626,133,132,4,YEP
5G-NSA-Low-Band,TMobile,9.15,1609121441909,130,130,4,YEP
5G-NSA-Low-Band,TMobile,9.16,1609121451199,120,120,4,YEP
5G-NSA-Low-Band,TMobile,9.17,1609121460489,110,110,4,YEP
5G-NSA-Low-Band,TMobile,9.18,1609121469779,100,99,4,YEP
5G-NSA-Low-Band,TMobile,9.19,1609121479069,90,89,4,YEP
5G-NSA-Low-Band,TMobile,9.2,1609121488359,80,80,4,YEP
5G-NSA-Low-Band,TMobile,9.21,1609121497649,390,390,4,YEP
5G-NSA-Low-Band,TMobile,9.22,1609121507259,407,407,4,YEP
5G-NSA-Low-Band,TMobile,9.23,1609121516897,343,343,4,YEP
5G-NSA-Low-Band,TMobile,9.24,1609121526480,361,361,4,YEP
5G-NSA-Low-Band,TMobile,9.25,1609121536092,347,346,4,YEP
5G-NSA-Low-Band,TMobile,9.26,1609121545699,340,339,4,YEP
5G-NSA-Low-Band,TMobile,9.27,1609121555309,330,329,4,YEP
5G-NSA-Low-Band,TMobile,9.28,1609121564919,320,320,4,YEP
5G-NSA-Low-Band,TMobile,9.29,1609121574529,314,314,4,YEP
5G-NSA-Low-Band,TMobile,9.3,1609121584143,296,296,4,YEP
5G-NSA-Low-Band,TMobile,9.31,1609121593749,290,290,4,YEP
5G-NSA-Low-Band,TMobile,9.32,1609121603359,280,279,4,YEP
5G-NSA-Low-Band,TMobile,9.33,1609121612969,270,270,4,YEP
5G-NSA-Low-Band,TMobile,9.34,1609121622579,261,262,4,YEP
5G-NSA-Low-Band,TMobile,9.35,1609121632191,247,247,4,BAD
5G-NSA-Low-Band,TMobile,9.36,1609121641799,240,240,4,YEP
5G-NSA-Low-Band,TMobile,9.37,1609121651409,230,229,4,YEP
5G-NSA-Low-Band,TMobile,9.38,1609121661019,220,220,4,YEP
5G-NSA-Low-Band,TMobile,9.39,1609121670629,230,229,4,YEP
5G-NSA-Low-Band,TMobile,9.4,1609121680259,180,180,4,YEP
5G-NSA-Low-Band,TMobile,9.41,1609121689849,196,197,4,YEP
5G-NSA-Low-Band,TMobile,9.42,1609121699466,173,172,4,YEP
5G-NSA-Low-Band,TMobile,9.43,1609121709069,190,190,4,YEP
5G-NSA-Low-Band,TMobile,9.44,1609121718699,143,142,4,YEP
5G-NSA-Low-Band,TMobile,9.45,1609121728292,147,147,4,YEP
5G-NSA-Low-Band,TMobile,9.46,1609121737899,140,140,4,YEP
5G-NSA-Low-Band,TMobile,9.47,1609121747509,130,130,4,YEP
5G-NSA-Low-Band,TMobile,9.48,1609121757119,120,119,4,YEP
5G-NSA-Low-Band,TMobile,9.49,1609121766729,110,109,4,YEP
5G-NSA-Low-Band,TMobile,9.5,1609121776339,128,128,4,YEP
5G-NSA-Low-Band,TMobile,9.51,1609121785977,381,382,4,YEP
5G-NSA-Low-Band,TMobile,9.52,1609121795879,400,400,4,YEP
5G-NSA-Low-Band,TMobile,9.53,1609121805809,391,390,4,YEP
5G-NSA-Low-Band,TMobile,9.54,1609121815739,379,379,4,YEP
5G-NSA-Low-Band,TMobile,9.55,1609121825669,370,369,4,YEP
5G-NSA-Low-Band,TMobile,9.56,1609121835599,360,360,4,YEP
5G-NSA-Low-Band,TMobile,9.57,1609121845529,350,350,4,YEP
5G-NSA-Low-Band,TMobile,9.58,1609121855459,329,329,4,YEP
5G-NSA-Low-Band,TMobile,9.59,1609121865378,341,341,4,YEP
5G-NSA-Low-Band,TMobile,9.6,1609121875319,319,320,4,YEP
5G-NSA-Low-Band,TMobile,9.61,1609121885249,309,310,4,YEP
5G-NSA-Low-Band,TMobile,9.62,1609121895179,299,300,4,YEP
5G-NSA-Low-Band,TMobile,9.63,1609121905109,290,290,4,YEP
5G-NSA-Low-Band,TMobile,9.64,1609121915039,280,279,4,YEP
5G-NSA-Low-Band,TMobile,9.65,1609121924969,270,269,4,YEP
5G-NSA-Low-Band,TMobile,9.66,1609121934899,260,260,4,YEP
5G-NSA-Low-Band,TMobile,9.67,1609121944829,250,249,4,YEP
5G-NSA-Low-Band,TMobile,9.68,1609121954759,240,239,4,YEP
5G-NSA-Low-Band,TMobile,9.69,1609121964689,230,230,4,YEP
5G-NSA-Low-Band,TMobile,9.7,1609121974619,220,220,4,YEP
5G-NSA-Low-Band,TMobile,9.71,1609121984549,209,210,4,YEP
5G-NSA-Low-Band,TMobile,9.72,1609121994479,199,199,4,YEP
5G-NSA-Low-Band,TMobile,9.73,1609122004409,190,189,4,YEP
5G-NSA-Low-Band,TMobile,9.74,1609122014339,180,180,4,YEP
5G-NSA-Low-Band,TMobile,9.75,1609122024269,169,170,4,YEP
5G-NSA-Low-Band,TMobile,9.76,1609122034199,160,159,4,YEP
5G-NSA-Low-Band,TMobile,9.77,1609122044129,158,158,4,YEP
5G-NSA-Low-Band,TMobile,9.78,1609122054067,132,132,4,YEP
5G-NSA-Low-Band,TMobile,9.79,1609122063989,130,130,4,YEP
5G-NSA-Low-Band,TMobile,9.8,1609122073919,119,119,4,YEP
5G-NSA-Low-Band,TMobile,9.81,1609122083849,110,110,4,YEP
5G-NSA-Low-Band,TMobile,9.82,1609122093779,100,100,4,YEP
5G-NSA-Low-Band,TMobile,9.83,1609122103709,90,90,4,YEP
5G-NSA-Low-Band,TMobile,9.84,1609122113639,387,388,4,YEP
5G-NSA-Low-Band,TMobile,9.85,1609122123877,102,101,4,BAD
5G-NSA-Low-Band,TMobile,9.86,1609122133839,360,360,4,YEP
5G-NSA-Low-Band,TMobile,9.87,1609122144069,350,350,4,YEP
5G-NSA-Low-Band,TMobile,9.88,1609122154299,404,403,4,YEP
5G-NSA-Low-Band,TMobile,9.89,1609122164593,330,330,4,YEP
5G-NSA-Low-Band,TMobile,9.9,1609122174823,360,360,4,YEP
5G-NSA-Low-Band,TMobile,9.91,1609122185093,306,305,4,YEP
5G-NSA-Low-Band,TMobile,9.92,1609122195319,334,334,4,YEP
5G-NSA-Low-Band,TMobile,9.93,1609122205583,300,299,4,YEP
5G-NSA-Low-Band,TMobile,9.94,1609122215823,320,320,4,YEP
5G-NSA-Low-Band,TMobile,9.95,1609122226093,266,266,4,YEP
5G-NSA-Low-Band,TMobile,9.96,1609122236319,300,300,4,YEP
5G-NSA-Low-Band,TMobile,9.97,1609122246589,253,254,4,YEP
5G-NSA-Low-Band,TMobile,9.98,1609122256823,279,280,4,YEP
5G-NSA-Low-Band,TMobile,9.99,1609122267093,226,226,4,YEP
5G-NSA-Low-Band,TMobile,10,1609122287319,1009,1009,4,OUT
5G-NSA-Low-Band,TMobile,10.01,1609122298338,294,294,4,YEP
5G-NSA-Low-Band,TMobile,10.02,1609122318653,1651,1651,4,OUT
5G-NSA-Low-Band,TMobile,10.03,1609122330334,310,309,4,YEP
5G-NSA-Low-Band,TMobile,10.04,1609122350683,1611,1612,4,OUT
5G-NSA-Low-Band,TMobile,10.05,1609122362345,174,174,4,YEP
5G-NSA-Low-Band,TMobile,10.06,1609122372579,1478,1478,4,YEP
5G-NSA-Low-Band,TMobile,10.07,1609122384127,334,334,4,YEP
5G-NSA-Low-Band,TMobile,10.08,1609122394541,1268,1269,4,YEP
5G-NSA-Low-Band,TMobile,10.09,1609122405900,412,412,4,YEP
5G-NSA-Low-Band,TMobile,10.1,1609122416412,1161,1161,4,YEP
5G-NSA-Low-Band,TMobile,10.11,1609122427684,437,437,4,YEP
5G-NSA-Low-Band,TMobile,10.12,1609122438241,1098,1098,4,YEP
5G-NSA-Low-Band,TMobile,10.13,1609122449469,125,126,4,YEP
5G-NSA-Low-Band,TMobile,10.14,1609122459735,1348,1348,4,YEP
5G-NSA-Low-Band,TMobile,10.15,1609122471233,144,145,4,YEP
5G-NSA-Low-Band,TMobile,10.16,1609122481538,1331,1332,4,YEP
5G-NSA-Low-Band,TMobile,10.17,1609122493040,150,150,4,YEP
5G-NSA-Low-Band,TMobile,10.18,1609122503370,1260,1259,4,YEP
5G-NSA-Low-Band,TMobile,10.19,1609122514820,124,124,4,YEP
5G-NSA-Low-Band,TMobile,10.2,1609122525144,1228,1228,4,YEP
5G-NSA-Low-Band,TMobile,10.21,1609122536582,269,268,4,YEP
5G-NSA-Low-Band,TMobile,10.22,1609122547071,1070,1070,4,YEP
5G-NSA-Low-Band,TMobile,10.23,1609122558371,319,319,4,YEP
5G-NSA-Low-Band,TMobile,10.24,1609122568930,961,960,4,YEP
5G-NSA-Low-Band,TMobile,10.25,1609122580141,270,270,4,YEP
5G-NSA-Low-Band,TMobile,10.26,1609122590671,983,983,4,YEP
5G-NSA-Low-Band,TMobile,10.27,1609122601924,337,337,4,YEP
5G-NSA-Low-Band,TMobile,10.28,1609122612541,858,858,4,YEP
5G-NSA-Low-Band,TMobile,10.29,1609122633689,1505,1505,4,OUT
5G-NSA-Low-Band,TMobile,10.3,1609122645494,331,331,4,YEP
5G-NSA-Low-Band,TMobile,10.31,1609122656135,783,782,4,YEP
5G-NSA-Low-Band,TMobile,10.32,1609122667238,142,141,4,YEP
5G-NSA-Low-Band,TMobile,10.33,1609122677709,977,978,4,YEP
5G-NSA-Low-Band,TMobile,10.34,1609122689027,432,431,4,YEP
5G-NSA-Low-Band,TMobile,10.35,1609122699809,633,632,4,YEP
5G-NSA-Low-Band,TMobile,10.36,1609122710802,1175,1174,4,YEP
5G-NSA-Low-Band,TMobile,10.37,1609122722346,303,304,4,YEP
5G-NSA-Low-Band,TMobile,10.38,1609122733030,705,705,4,YEP
5G-NSA-Low-Band,TMobile,10.39,1609122744125,257,258,4,YEP
5G-NSA-Low-Band,TMobile,10.4,1609122754783,705,705,4,YEP
5G-NSA-Low-Band,TMobile,10.41,1609122765899,135,134,4,YEP
5G-NSA-Low-Band,TMobile,10.42,1609122776454,792,792,4,YEP
5G-NSA-Low-Band,TMobile,10.43,1609122787676,137,137,4,YEP
5G-NSA-Low-Band,TMobile,10.44,1609122798253,767,766,4,YEP
5G-NSA-Low-Band,TMobile,10.45,1609122809470,190,190,4,YEP
5G-NSA-Low-Band,TMobile,10.46,1609122820120,630,630,4,YEP
5G-NSA-Low-Band,TMobile,10.47,1609122831220,307,307,4,YEP
5G-NSA-Low-Band,TMobile,10.48,1609122842007,503,502,4,YEP
5G-NSA-Low-Band,TMobile,10.49,1609122853000,1076,1075,4,YEP
5G-NSA-Low-Band,TMobile,10.5,1609122864576,94,94,4,YEP
5G-NSA-Low-Band,TMobile,10.51,1609122875180,626,627,4,YEP
5G-NSA-Low-Band,TMobile,10.52,1609122886327,120,119,4,YEP
5G-NSA-Low-Band,TMobile,10.53,1609122896977,589,588,4,YEP
5G-NSA-Low-Band,TMobile,10.54,1609122908106,100,99,4,YEP
5G-NSA-Low-Band,TMobile,10.55,1609122918756,593,593,4,YEP
5G-NSA-Low-Band,TMobile,10.56,1609122929909,101,100,4,YEP
5G-NSA-Low-Band,TMobile,10.57,1609122940580,541,541,4,YEP
5G-NSA-Low-Band,TMobile,10.58,1609122951701,919,918,4,YEP
5G-NSA-Low-Band,TMobile,10.59,1609122963210,90,90,4,YEP
5G-NSA-Low-Band,TMobile,10.6,1609122973900,472,471,4,YEP
5G-NSA-Low-Band,TMobile,10.61,1609122984982,90,90,4,YEP
5G-NSA-Low-Band,TMobile,10.62,1609122995692,1756,1756,4,YEP
5G-NSA-Low-Band,TMobile,10.63,1609123008079,138,137,4,YEP
5G-NSA-Low-Band,TMobile,10.64,1609123018857,1627,1626,4,YEP
5G-NSA-Low-Band,TMobile,10.65,1609123031133,816,816,4,YEP
5G-NSA-Low-Band,TMobile,10.66,1609123042610,905,904,4,YEP
5G-NSA-Low-Band,TMobile,10.67,1609123054185,123,122,4,YEP
5G-NSA-Low-Band,TMobile,10.68,1609123064988,1542,1541,4,YEP
5G-NSA-Low-Band,TMobile,10.69,1609123077220,826,825,4,YEP
5G-NSA-Low-Band,TMobile,10.7,1609123088746,100,100,4,YEP
5G-NSA-Low-Band,TMobile,10.71,1609123099556,1552,1553,4,YEP
5G-NSA-Low-Band,TMobile,10.72,1609123111829,360,360,4,YEP
5G-NSA-Low-Band,TMobile,10.73,1609123122919,1237,1237,4,YEP
5G-NSA-Low-Band,TMobile,10.74,1609123134896,140,140,4,YEP
5G-NSA-Low-Band,TMobile,10.75,1609123145786,1405,1406,4,YEP
5G-NSA-Low-Band,TMobile,10.76,1609123157952,732,732,4,YEP
5G-NSA-Low-Band,TMobile,10.77,1609123169454,764,764,4,YEP
5G-NSA-Low-Band,TMobile,10.78,1609123180998,100,99,4,YEP
5G-NSA-Low-Band,TMobile,10.79,1609123191888,1402,1401,4,YEP
5G-NSA-Low-Band,TMobile,10.8,1609123204090,684,684,4,YEP
5G-NSA-Low-Band,TMobile,10.81,1609123215584,109,109,4,YEP
5G-NSA-Low-Band,TMobile,10.82,1609123226514,1302,1301,4,YEP
5G-NSA-Low-Band,TMobile,10.83,1609123238646,70,70,4,YEP
5G-NSA-Low-Band,TMobile,10.84,1609123249556,1298,1298,4,YEP
5G-NSA-Low-Band,TMobile,10.85,1609123261704,70,69,4,YEP
5G-NSA-Low-Band,TMobile,10.86,1609123272634,1310,1310,4,YEP
5G-NSA-Low-Band,TMobile,10.87,1609123284814,277,276,4,BAD
5G-NSA-Low-Band,TMobile,10.88,1609123295971,980,980,4,YEP
5G-NSA-Low-Band,TMobile,10.89,1609123307841,370,370,4,BAD
5G-NSA-Low-Band,TMobile,10.9,1609123319111,869,869,4,YEP
5G-NSA-Low-Band,TMobile,10.91,1609123330890,388,389,4,BAD
5G-NSA-Low-Band,TMobile,10.92,1609123342199,825,825,4,YEP
5G-NSA-Low-Band,TMobile,10.93,1609123353954,568,568,4,YEP
5G-NSA-Low-Band,TMobile,10.94,1609123365462,297,298,4,YEP
5G-NSA-Low-Band,TMobile,10.95,1609123376710,867,866,4,YEP
5G-NSA-Low-Band,TMobile,10.96,1609123388537,223,223,4,YEP
5G-NSA-Low-Band,TMobile,10.97,1609123399730,879,879,4,YEP
5G-NSA-Low-Band,TMobile,10.98,1609123411590,100,100,4,YEP
5G-NSA-Low-Band,TMobile,10.99,1609123422680,999,1000,4,YEP
5G-NSA-Low-Band,TMobile,11,1609123434680,320,320,4,YEP
5G-NSA-Low-Band,TMobile,11.01,1609123446010,701,701,4,YEP
5G-NSA-Low-Band,TMobile,11.02,1609123457731,99,100,4,YEP
5G-NSA-Low-Band,TMobile,11.03,1609123468861,930,929,4,BAD
5G-NSA-Low-Band,TMobile,11.04,1609123480830,1713,1713,4,YEP
5G-NSA-Low-Band,TMobile,11.05,1609123493594,477,477,4,YEP
5G-NSA-Low-Band,TMobile,11.06,1609123505131,220,219,4,YEP
5G-NSA-Low-Band,TMobile,11.07,1609123516421,688,688,4,YEP
5G-NSA-Low-Band,TMobile,11.08,1609123528189,360,360,4,YEP
5G-NSA-Low-Band,TMobile,11.09,1609123539639,492,492,4,YEP
5G-NSA-Low-Band,TMobile,11.1,1609123551231,221,220,4,YEP
5G-NSA-Low-Band,TMobile,11.11,1609123562562,631,631,4,YEP
5G-NSA-Low-Band,TMobile,11.12,1609123574313,340,339,4,YEP
5G-NSA-Low-Band,TMobile,11.13,1609123585783,1718,1718,4,YEP
5G-NSA-Low-Band,TMobile,11.14,1609123598641,1668,1669,4,YEP
5G-NSA-Low-Band,TMobile,11.15,1609123611460,1670,1670,4,YEP
5G-NSA-Low-Band,TMobile,11.16,1609123624290,1628,1628,4,YEP
5G-NSA-Low-Band,TMobile,11.17,1609123637088,92,91,4,YEP
5G-NSA-Low-Band,TMobile,11.18,1609123648359,578,578,4,YEP
5G-NSA-Low-Band,TMobile,11.19,1609123660128,194,193,4,YEP
5G-NSA-Low-Band,TMobile,11.2,1609123671521,1730,1730,4,YEP
5G-NSA-Low-Band,TMobile,11.21,1609123684462,137,136,4,YEP
5G-NSA-Low-Band,TMobile,11.22,1609123695819,492,491,4,YEP
5G-NSA-Low-Band,TMobile,11.23,1609123707541,290,290,4,YEP
5G-NSA-Low-Band,TMobile,11.24,1609123719071,1579,1579,4,YEP
5G-NSA-Low-Band,TMobile,11.25,1609123741900,486,486,4,OUT
5G-NSA-Low-Band,TMobile,11.26,1609123753647,300,299,4,YEP
5G-NSA-Low-Band,TMobile,11.27,1609123765217,1476,1475,4,YEP
5G-NSA-Low-Band,TMobile,11.28,1609123787973,482,481,4,OUT
5G-NSA-Low-Band,TMobile,11.29,1609123809745,471,470,4,OUT
5G-NSA-Low-Band,TMobile,11.3,1609123831516,374,373,4,OUT
5G-NSA-Low-Band,TMobile,11.31,1609123843200,1603,1602,4,BAD
5G-NSA-Low-Band,TMobile,11.32,1609123856123,400,399,4,BAD
5G-NSA-Low-Band,TMobile,11.33,1609123867853,1265,1265,4,YEP
5G-NSA-Low-Band,TMobile,11.34,1609123880458,1440,1439,4,YEP
5G-NSA-Low-Band,TMobile,11.35,1609123893248,1443,1443,4,YEP
5G-NSA-Low-Band,TMobile,11.36,1609123906051,1457,1458,4,YEP
5G-NSA-Low-Band,TMobile,11.37,1609123918879,1413,1412,4,YEP
5G-NSA-Low-Band,TMobile,11.38,1609123931672,1406,1405,4,YEP
5G-NSA-Low-Band,TMobile,11.39,1609123944468,1421,1420,4,YEP
5G-NSA-Low-Band,TMobile,11.4,1609123957289,1394,1393,4,YEP
5G-NSA-Low-Band,TMobile,11.41,1609123970093,1397,1396,4,YEP
5G-NSA-Low-Band,TMobile,11.42,1609123982910,1373,1372,4,YEP
5G-NSA-Low-Band,TMobile,11.43,1609123995713,1416,1415,4,YEP
5G-NSA-Low-Band,TMobile,11.44,1609124008569,1324,1323,4,YEP
5G-NSA-Low-Band,TMobile,11.45,1609124021343,1350,1349,4,YEP
5G-NSA-Low-Band,TMobile,11.46,1609124034153,1345,1344,4,YEP
5G-NSA-Low-Band,TMobile,11.47,1609124046967,1328,1328,4,YEP
5G-NSA-Low-Band,TMobile,11.48,1609124059776,1320,1319,4,YEP
5G-NSA-Low-Band,TMobile,11.49,1609124072585,1314,1315,4,YEP
5G-NSA-Low-Band,TMobile,11.5,1609124085400,1280,1279,4,YEP
5G-NSA-Low-Band,TMobile,11.51,1609124098190,1298,1298,4,YEP
5G-NSA-Low-Band,TMobile,11.52,1609124111008,1282,1282,4,YEP
5G-NSA-Low-Band,TMobile,11.53,1609124123820,1289,1289,4,YEP
5G-NSA-Low-Band,TMobile,11.54,1609124136649,1246,1246,4,YEP
5G-NSA-Low-Band,TMobile,11.55,1609124149446,1246,1245,4,YEP
5G-NSA-Low-Band,TMobile,11.56,1609124162251,1243,1244,4,YEP
5G-NSA-Low-Band,TMobile,11.57,1609124175065,1239,1238,4,YEP
5G-NSA-Low-Band,TMobile,11.58,1609124187884,1230,1230,4,YEP
5G-NSA-Low-Band,TMobile,11.59,1609124200704,1207,1206,4,YEP
5G-NSA-Low-Band,TMobile,11.6,1609124213511,1177,1177,4,YEP
5G-NSA-Low-Band,TMobile,11.61,1609124226298,1189,1189,4,YEP
5G-NSA-Low-Band,TMobile,11.62,1609124239108,1207,1207,4,YEP
5G-NSA-Low-Band,TMobile,11.63,1609124251945,1149,1150,4,YEP
5G-NSA-Low-Band,TMobile,11.64,1609124264735,1155,1154,4,YEP
5G-NSA-Low-Band,TMobile,11.65,1609124277540,1153,1153,4,YEP
5G-NSA-Low-Band,TMobile,11.66,1609124290353,1139,1139,4,YEP
5G-NSA-Low-Band,TMobile,11.67,1609124303163,1135,1134,4,YEP
5G-NSA-Low-Band,TMobile,11.68,1609124315978,1118,1117,4,YEP
5G-NSA-Low-Band,TMobile,11.69,1609124328785,1107,1108,4,YEP
5G-NSA-Low-Band,TMobile,11.7,1609124341593,1113,1112,4,YEP
5G-NSA-Low-Band,TMobile,11.71,1609124354416,250,249,4,BAD
5G-NSA-Low-Band,TMobile,11.72,1609124366386,127,127,4,BAD
5G-NSA-Low-Band,TMobile,11.73,1609124378243,1607,1606,4,BAD
5G-NSA-Low-Band,TMobile,11.74,1609124391590,310,309,4,BAD
5G-NSA-Low-Band,TMobile,11.75,1609124403650,390,389,4,BAD
5G-NSA-Low-Band,TMobile,11.76,1609124415799,380,380,4,BAD
5G-NSA-Low-Band,TMobile,11.77,1609124427949,512,512,4,YEP
5G-NSA-Low-Band,TMobile,11.78,1609124440242,1044,1043,4,YEP
5G-NSA-Low-Band,TMobile,11.79,1609124453076,978,977,4,YEP
5G-NSA-Low-Band,TMobile,11.8,1609124465853,994,995,4,YEP
5G-NSA-Low-Band,TMobile,11.81,1609124478658,1006,1005,4,YEP
5G-NSA-Low-Band,TMobile,11.82,1609124491484,975,974,4,YEP
5G-NSA-Low-Band,TMobile,11.83,1609124504289,966,965,4,YEP
5G-NSA-Low-Band,TMobile,11.84,1609124517094,970,971,4,YEP
5G-NSA-Low-Band,TMobile,11.85,1609124529915,959,960,4,YEP
5G-NSA-Low-Band,TMobile,11.86,1609124542735,932,932,4,YEP
5G-NSA-Low-Band,TMobile,11.87,1609124555538,908,907,4,YEP
5G-NSA-Low-Band,TMobile,11.88,1609124568325,924,924,4,YEP
5G-NSA-Low-Band,TMobile,11.89,1609124581140,912,912,4,YEP
5G-NSA-Low-Band,TMobile,11.9,1609124593952,912,912,4,YEP
5G-NSA-Low-Band,TMobile,11.91,1609124606774,915,915,4,YEP
5G-NSA-Low-Band,TMobile,11.92,1609124619610,894,894,4,YEP
5G-NSA-Low-Band,TMobile,11.93,1609124632434,816,815,4,YEP
5G-NSA-Low-Band,TMobile,11.94,1609124645190,863,863,4,YEP
5G-NSA-Low-Band,TMobile,11.95,1609124658003,855,854,4,YEP
5G-NSA-Low-Band,TMobile,11.96,1609124670818,858,857,4,YEP
5G-NSA-Low-Band,TMobile,11.97,1609124683646,803,802,4,YEP
5G-NSA-Low-Band,TMobile,11.98,1609124696429,826,825,4,YEP
5G-NSA-Low-Band,TMobile,11.99,1609124709244,913,913,4,YEP
5G-NSA-Low-Band,TMobile,12,1609124722157,251,251,4,BAD
5G-NSA-Low-Band,TMobile,12.01,1609124734419,159,159,4,BAD
5G-NSA-Low-Band,TMobile,12.02,1609124746598,100,99,4,BAD
5G-NSA-Low-Band,TMobile,12.03,1609124758728,1270,1269,4,YEP
5G-NSA-Low-Band,TMobile,12.04,1609124772037,739,740,4,YEP
5G-NSA-Low-Band,TMobile,12.05,1609124784827,747,746,4,YEP
5G-NSA-Low-Band,TMobile,12.06,1609124797633,733,734,4,YEP
5G-NSA-Low-Band,TMobile,12.07,1609124810437,747,747,4,YEP
5G-NSA-Low-Band,TMobile,12.08,1609124823264,725,724,4,YEP
5G-NSA-Low-Band,TMobile,12.09,1609124836079,708,707,4,YEP
5G-NSA-Low-Band,TMobile,12.1,1609124848887,676,675,4,YEP
5G-NSA-Low-Band,TMobile,12.11,1609124861673,713,712,4,YEP
5G-NSA-Low-Band,TMobile,12.12,1609124874505,654,654,4,YEP
5G-NSA-Low-Band,TMobile,12.13,1609124887289,702,702,4,YEP
5G-NSA-Low-Band,TMobile,12.14,1609124900131,636,636,4,YEP
5G-NSA-Low-Band,TMobile,12.15,1609124912918,655,654,4,YEP
5G-NSA-Low-Band,TMobile,12.16,1609124925732,650,650,4,YEP
5G-NSA-Low-Band,TMobile,12.17,1609124938553,620,619,4,YEP
5G-NSA-Low-Band,TMobile,12.18,1609124951353,201,200,4,BAD
5G-NSA-Low-Band,TMobile,12.2,1609124976956,380,379,4,BAD
5G-NSA-Low-Band,TMobile,12.21,1609124989546,827,826,4,YEP
5G-NSA-Low-Band,TMobile,12.22,1609125002592,584,584,4,YEP
5G-NSA-Low-Band,TMobile,12.23,1609125015406,588,589,4,YEP
5G-NSA-Low-Band,TMobile,12.24,1609125028235,548,547,4,YEP
5G-NSA-Low-Band,TMobile,12.25,1609125041033,550,549,4,BAD
5G-NSA-Low-Band,TMobile,12.26,1609125053842,565,565,4,YEP
5G-NSA-Low-Band,TMobile,12.27,1609125066678,171,170,4,BAD
5G-NSA-Low-Band,TMobile,12.28,1609125079128,186,187,4,BAD
5G-NSA-Low-Band,TMobile,12.29,1609125091605,163,162,4,BAD
5G-NSA-Low-Band,TMobile,12.3,1609125104067,586,586,4,BAD
5G-NSA-Low-Band,TMobile,12.31,1609125116963,90,91,4,BAD
5G-NSA-Low-Band,TMobile,12.32,1609125129374,508,507,4,YEP
5G-NSA-Low-Band,TMobile,12.33,1609125142212,480,479,4,YEP
5G-NSA-Low-Band,TMobile,12.34,1609125155031,458,458,4,YEP
5G-NSA-Low-Band,TMobile,12.35,1609125167839,1732,1732,4,YEP
5G-NSA-Low-Band,TMobile,12.36,1609125181932,1717,1716,4,YEP
5G-NSA-Low-Band,TMobile,12.37,1609125196019,1713,1712,4,YEP
5G-NSA-Low-Band,TMobile,12.38,1609125210112,1698,1698,4,YEP
5G-NSA-Low-Band,TMobile,12.39,1609125224200,1710,1709,4,YEP
5G-NSA-Low-Band,TMobile,12.4,1609125238310,1687,1686,4,YEP
5G-NSA-Low-Band,TMobile,12.41,1609125252406,1671,1671,4,YEP
5G-NSA-Low-Band,TMobile,12.42,1609125266498,1626,1626,4,YEP
5G-NSA-Low-Band,TMobile,12.43,1609125280554,1658,1658,4,YEP
5G-NSA-Low-Band,TMobile,12.44,1609125294652,1634,1634,4,YEP
5G-NSA-Low-Band,TMobile,12.45,1609125308737,1639,1638,4,YEP
5G-NSA-Low-Band,TMobile,12.46,1609125322835,1619,1619,4,YEP
5G-NSA-Low-Band,TMobile,12.47,1609125336924,1600,1600,4,YEP
5G-NSA-Low-Band,TMobile,12.48,1609125351005,1614,1613,4,YEP
5G-NSA-Low-Band,TMobile,12.49,1609125365109,1587,1587,4,YEP
5G-NSA-Low-Band,TMobile,12.5,1609125379196,411,410,4,BAD
5G-NSA-Low-Band,TMobile,12.51,1609125392117,1458,1458,4,YEP
5G-NSA-Low-Band,TMobile,12.52,1609125406095,299,299,4,BAD
5G-NSA-Low-Band,TMobile,12.53,1609125418925,1105,1105,4,BAD
5G-NSA-Low-Band,TMobile,12.54,1609125432570,272,271,4,BAD
5G-NSA-Low-Band,TMobile,12.55,1609125455391,278,278,4,OUT
5G-NSA-Low-Band,TMobile,12.56,1609125468230,879,878,4,YEP
5G-NSA-Low-Band,TMobile,12.57,1609125481679,1529,1528,4,YEP
5G-NSA-Low-Band,TMobile,12.58,1609125495788,1466,1466,4,YEP
5G-NSA-Low-Band,TMobile,12.59,1609125509844,1489,1488,4,YEP
5G-NSA-Low-Band,TMobile,12.6,1609125523932,1483,1483,4,YEP
5G-NSA-Low-Band,TMobile,12.61,1609125538026,1472,1471,4,YEP
5G-NSA-Low-Band,TMobile,12.62,1609125552117,1461,1462,4,YEP
5G-NSA-Low-Band,TMobile,12.63,1609125566209,1466,1465,4,YEP
5G-NSA-Low-Band,TMobile,12.64,1609125580315,1432,1431,4,YEP
5G-NSA-Low-Band,TMobile,12.65,1609125594397,1429,1428,4,YEP
5G-NSA-Low-Band,TMobile,12.66,1609125608486,1421,1421,4,YEP
5G-NSA-Low-Band,TMobile,12.67,1609125622577,1399,1398,4,YEP
5G-NSA-Low-Band,TMobile,12.68,1609125636655,1402,1402,4,YEP
5G-NSA-Low-Band,TMobile,12.69,1609125650747,1416,1416,4,YEP
5G-NSA-Low-Band,TMobile,12.7,1609125664864,1354,1354,4,YEP
5G-NSA-Low-Band,TMobile,12.71,1609125678928,1366,1367,4,YEP
5G-NSA-Low-Band,TMobile,12.72,1609125693015,1411,1410,4,YEP
5G-NSA-Low-Band,TMobile,12.73,1609125707156,1301,1300,4,YEP
5G-NSA-Low-Band,TMobile,12.74,1609125721197,1345,1344,4,YEP
5G-NSA-Low-Band,TMobile,12.75,1609125735292,1317,1316,4,YEP
5G-NSA-Low-Band,TMobile,12.76,1609125749368,1338,1339,4,BAD
5G-NSA-Low-Band,TMobile,12.77,1609125763477,1310,1309,4,BAD
5G-NSA-Low-Band,TMobile,12.78,1609125777567,1304,1304,4,BAD
5G-NSA-Low-Band,TMobile,12.79,1609125791661,1273,1273,4,BAD
5G-NSA-Low-Band,TMobile,12.8,1609125805734,1276,1277,4,YEP
5G-NSA-Low-Band,TMobile,12.81,1609125819821,1309,1308,4,YEP
5G-NSA-Low-Band,TMobile,12.82,1609125833950,1228,1228,4,YEP
5G-NSA-Low-Band,TMobile,12.83,1609125848008,1258,1259,4,YEP
5G-NSA-Low-Band,TMobile,12.84,1609125862107,1225,1224,4,YEP
5G-NSA-Low-Band,TMobile,12.85,1609125876181,1240,1240,4,YEP
5G-NSA-Low-Band,TMobile,12.86,1609125890281,1217,1217,4,YEP
5G-NSA-Low-Band,TMobile,12.87,1609125904368,1201,1202,4,YEP
5G-NSA-Low-Band,TMobile,12.88,1609125918450,1206,1205,4,YEP
5G-NSA-Low-Band,TMobile,12.89,1609125932545,1203,1203,4,YEP
5G-NSA-Low-Band,TMobile,12.9,1609125946648,1171,1172,4,YEP
5G-NSA-Low-Band,TMobile,12.91,1609125960730,1159,1159,4,YEP
5G-NSA-Low-Band,TMobile,12.92,1609125974809,1178,1178,4,YEP
5G-NSA-Low-Band,TMobile,12.93,1609125988917,1143,1143,4,YEP
5G-NSA-Low-Band,TMobile,12.94,1609126003000,1135,1135,4,YEP
5G-NSA-Low-Band,TMobile,12.95,1609126017085,1128,1128,4,YEP
5G-NSA-Low-Band,TMobile,12.96,1609126031174,1141,1140,4,YEP
5G-NSA-Low-Band,TMobile,12.97,1609126045284,1098,1098,4,YEP
5G-NSA-Low-Band,TMobile,12.98,1609126059362,1076,1076,4,YEP
5G-NSA-Low-Band,TMobile,12.99,1609126073428,1090,1090,4,YEP
5G-NSA-Low-Band,TMobile,13,1609126087518,1120,1120,4,YEP
5G-NSA-Low-Band,TMobile,13.01,1609126101649,326,326,4,BAD
5G-NSA-Low-Band,TMobile,13.02,1609126114995,91,90,4,BAD
5G-NSA-Low-Band,TMobile,13.03,1609126128115,88,88,4,BAD
5G-NSA-Low-Band,TMobile,13.04,1609126141243,1112,1113,4,YEP
5G-NSA-Low-Band,TMobile,13.05,1609126155406,169,169,4,BAD
5G-NSA-Low-Band,TMobile,13.06,1609126168635,615,616,4,YEP
5G-NSA-Low-Band,TMobile,13.07,1609126182321,1014,1015,4,YEP
5G-NSA-Low-Band,TMobile,13.08,1609126196416,996,995,4,YEP
5G-NSA-Low-Band,TMobile,13.09,1609126210501,983,983,4,YEP
5G-NSA-Low-Band,TMobile,13.1,1609126224584,993,993,4,YEP
5G-NSA-Low-Band,TMobile,13.11,1609126238687,990,990,4,YEP
5G-NSA-Low-Band,TMobile,13.12,1609126252798,942,941,4,YEP
5G-NSA-Low-Band,TMobile,13.13,1609126266870,970,969,4,YEP
5G-NSA-Low-Band,TMobile,13.14,1609126280979,911,911,4,YEP
5G-NSA-Low-Band,TMobile,13.15,1609126295040,929,930,4,YEP
5G-NSA-Low-Band,TMobile,13.16,1609126309130,924,923,4,YEP
5G-NSA-Low-Band,TMobile,13.17,1609126323224,913,912,4,YEP
5G-NSA-Low-Band,TMobile,13.18,1609126337316,872,872,4,YEP
5G-NSA-Low-Band,TMobile,13.19,1609126351379,910,909,4,YEP
5G-NSA-Low-Band,TMobile,13.2,1609126365488,893,894,4,YEP
5G-NSA-Low-Band,TMobile,13.21,1609126379592,867,866,4,BAD
5G-NSA-Low-Band,TMobile,13.22,1609126393678,871,871,4,YEP
5G-NSA-Low-Band,TMobile,13.23,1609126407779,850,850,4,YEP
5G-NSA-Low-Band,TMobile,13.24,1609126421869,834,834,4,YEP
5G-NSA-Low-Band,TMobile,13.25,1609126435953,827,827,4,YEP
5G-NSA-Low-Band,TMobile,13.26,1609126450041,240,240,4,BAD
5G-NSA-Low-Band,TMobile,13.27,1609126463551,156,157,4,BAD
5G-NSA-Low-Band,TMobile,13.28,1609126476988,162,163,4,BAD
5G-NSA-Low-Band,TMobile,13.29,1609126490441,1374,1373,4,YEP
5G-NSA-Low-Band,TMobile,13.3,1609126505114,773,773,4,YEP
5G-NSA-Low-Band,TMobile,13.31,1609126519197,774,774,4,YEP
5G-NSA-Low-Band,TMobile,13.32,1609126533291,759,759,4,YEP
5G-NSA-Low-Band,TMobile,13.33,1609126547380,754,754,4,YEP
5G-NSA-Low-Band,TMobile,13.34,1609126561474,729,729,4,YEP
5G-NSA-Low-Band,TMobile,13.35,1609126575553,744,744,4,YEP
5G-NSA-Low-Band,TMobile,13.36,1609126589657,728,729,4,YEP
5G-NSA-Low-Band,TMobile,13.37,1609126603756,706,705,4,YEP
5G-NSA-Low-Band,TMobile,13.38,1609126617842,689,688,4,YEP
5G-NSA-Low-Band,TMobile,13.39,1609126631921,717,716,4,YEP
5G-NSA-Low-Band,TMobile,13.4,1609126646037,650,650,4,YEP
5G-NSA-Low-Band,TMobile,13.41,1609126660097,665,665,4,YEP
5G-NSA-Low-Band,TMobile,13.42,1609126674183,669,669,4,YEP
5G-NSA-Low-Band,TMobile,13.43,1609126688282,655,654,4,YEP
5G-NSA-Low-Band,TMobile,13.44,1609126702376,634,634,4,YEP
5G-NSA-Low-Band,TMobile,13.45,1609126716461,626,625,4,YEP
5G-NSA-Low-Band,TMobile,13.46,1609126730547,621,620,4,YEP
5G-NSA-Low-Band,TMobile,13.47,1609126744637,620,620,4,YEP
5G-NSA-Low-Band,TMobile,13.48,1609126758737,581,581,4,YEP
5G-NSA-Low-Band,TMobile,13.49,1609126772809,601,600,4,YEP
5G-NSA-Low-Band,TMobile,13.5,1609126786909,567,567,4,YEP
5G-NSA-Low-Band,TMobile,13.51,1609126800987,594,593,4,BAD
5G-NSA-Low-Band,TMobile,13.52,1609126815101,528,527,4,BAD
5G-NSA-Low-Band,TMobile,13.53,1609126829159,220,219,4,BAD
5G-NSA-Low-Band,TMobile,13.54,1609126842919,252,252,4,BAD
5G-NSA-Low-Band,TMobile,13.55,1609126856721,1177,1176,4,YEP
5G-NSA-Low-Band,TMobile,13.56,1609126871457,521,522,4,YEP
5G-NSA-Low-Band,TMobile,13.57,1609126885549,499,498,4,YEP
5G-NSA-Low-Band,TMobile,13.58,1609126899628,519,518,4,YEP
5G-NSA-Low-Band,TMobile,13.59,1609126913737,480,480,4,YEP
5G-NSA-Low-Band,TMobile,13.6,1609126927817,477,477,4,YEP
5G-NSA-Low-Band,TMobile,13.61,1609126941904,472,472,4,YEP
5G-NSA-Low-Band,TMobile,13.62,1609126955996,451,451,4,YEP
5G-NSA-Low-Band,TMobile,13.63,1609126970077,1745,1745,4,YEP
5G-NSA-Low-Band,TMobile,13.64,1609126985462,1712,1711,4,YEP
5G-NSA-Low-Band,TMobile,13.65,1609127000824,1712,1711,4,YEP
5G-NSA-Low-Band,TMobile,13.66,1609127016196,1704,1703,4,YEP
5G-NSA-Low-Band,TMobile,13.67,1609127031569,1684,1684,4,YEP
5G-NSA-Low-Band,TMobile,13.68,1609127046933,1682,1682,4,YEP
5G-NSA-Low-Band,TMobile,13.69,1609127062306,1656,1656,4,YEP
5G-NSA-Low-Band,TMobile,13.7,1609127077662,1657,1656,4,YEP
5G-NSA-Low-Band,TMobile,13.71,1609127093028,1663,1664,4,YEP
5G-NSA-Low-Band,TMobile,13.72,1609127108412,1648,1647,4,YEP
5G-NSA-Low-Band,TMobile,13.73,1609127123789,1600,1600,4,YEP
5G-NSA-Low-Band,TMobile,13.74,1609127139129,90,90,4,BAD
5G-NSA-Low-Band,TMobile,13.75,1609127152970,128,128,4,BAD
5G-NSA-Low-Band,TMobile,13.76,1609127166858,93,92,4,BAD
5G-NSA-Low-Band,TMobile,13.77,1609127180720,1019,1019,4,YEP
5G-NSA-Low-Band,TMobile,13.78,1609127195519,1574,1574,4,YEP
5G-NSA-Low-Band,TMobile,13.79,1609127210884,1566,1565,4,YEP
5G-NSA-Low-Band,TMobile,13.8,1609127226250,1567,1567,4,YEP
5G-NSA-Low-Band,TMobile,13.81,1609127241627,1543,1542,4,YEP
5G-NSA-Low-Band,TMobile,13.82,1609127256989,1543,1543,4,YEP
5G-NSA-Low-Band,TMobile,13.83,1609127272362,1523,1523,4,YEP
5G-NSA-Low-Band,TMobile,13.84,1609127287725,1531,1531,4,YEP
5G-NSA-Low-Band,TMobile,13.85,1609127303107,1523,1522,4,YEP
5G-NSA-Low-Band,TMobile,13.86,1609127318490,1492,1491,4,YEP
5G-NSA-Low-Band,TMobile,13.87,1609127333851,1487,1488,4,YEP
5G-NSA-Low-Band,TMobile,13.88,1609127349219,1479,1478,4,YEP
5G-NSA-Low-Band,TMobile,13.89,1609127364587,1455,1455,4,YEP
5G-NSA-Low-Band,TMobile,13.9,1609127379942,1479,1479,4,YEP
5G-NSA-Low-Band,TMobile,13.91,1609127395332,1448,1447,4,YEP
5G-NSA-Low-Band,TMobile,13.92,1609127410699,97,97,4,BAD
5G-NSA-Low-Band,TMobile,13.93,1609127424726,1486,1487,4,BAD
5G-NSA-Low-Band,TMobile,13.94,1609127440153,1425,1424,4,YEP
5G-NSA-Low-Band,TMobile,13.95,1609127455527,1429,1429,4,YEP
5G-NSA-Low-Band,TMobile,13.96,1609127470917,1379,1378,4,YEP
5G-NSA-Low-Band,TMobile,13.97,1609127486266,207,206,4,BAD
5G-NSA-Low-Band,TMobile,13.98,1609127500453,260,259,4,BAD
5G-NSA-Low-Band,TMobile,13.99,1609127514702,383,383,4,BAD
5G-NSA-Low-Band,TMobile,14,1609127529086,810,810,4,YEP
5G-NSA-Low-Band,TMobile,14.01,1609127543906,1354,1353,4,YEP
5G-NSA-Low-Band,TMobile,14.02,1609127559279,1329,1329,4,YEP
5G-NSA-Low-Band,TMobile,14.03,1609127574639,1331,1330,4,YEP
5G-NSA-Low-Band,TMobile,14.04,1609127590010,1328,1327,4,YEP
5G-NSA-Low-Band,TMobile,14.05,1609127605388,1298,1298,4,YEP
5G-NSA-Low-Band,TMobile,14.06,1609127620746,1293,1292,4,YEP
5G-NSA-Low-Band,TMobile,14.07,1609127636108,1308,1308,4,YEP
5G-NSA-Low-Band,TMobile,14.08,1609127651497,1273,1272,4,YEP
5G-NSA-Low-Band,TMobile,14.09,1609127666860,1269,1268,4,YEP
5G-NSA-Low-Band,TMobile,14.1,1609127682229,1265,1264,4,YEP
5G-NSA-Low-Band,TMobile,14.11,1609127697604,1254,1253,4,YEP
5G-NSA-Low-Band,TMobile,14.12,1609127712978,1225,1224,4,BAD
5G-NSA-Low-Band,TMobile,14.13,1609127728333,1241,1240,4,YEP
5G-NSA-Low-Band,TMobile,14.14,1609127743714,1227,1227,4,YEP
5G-NSA-Low-Band,TMobile,14.15,1609127759091,1204,1203,4,YEP
5G-NSA-Low-Band,TMobile,14.16,1609127774455,1221,1220,4,YEP
5G-NSA-Low-Band,TMobile,14.17,1609127789846,1189,1188,4,YEP
5G-NSA-Low-Band,TMobile,14.18,1609127805215,1160,1160,4,YEP
5G-NSA-Low-Band,TMobile,14.19,1609127820565,1174,1174,4,YEP
5G-NSA-Low-Band,TMobile,14.2,1609127835939,213,213,4,BAD
5G-NSA-Low-Band,TMobile,14.21,1609127850362,168,168,4,BAD
5G-NSA-Low-Band,TMobile,14.22,1609127864751,157,156,4,BAD
5G-NSA-Low-Band,TMobile,14.23,1609127879138,1477,1476,4,YEP
5G-NSA-Low-Band,TMobile,14.24,1609127894855,1124,1124,4,YEP
5G-NSA-Low-Band,TMobile,14.25,1609127910229,1112,1112,4,YEP
5G-NSA-Low-Band,TMobile,14.26,1609127925601,1096,1095,4,YEP
5G-NSA-Low-Band,TMobile,14.27,1609127940967,1087,1086,4,YEP
5G-NSA-Low-Band,TMobile,14.28,1609127956334,1085,1084,4,YEP
5G-NSA-Low-Band,TMobile,14.29,1609127971708,1070,1070,4,YEP
5G-NSA-Low-Band,TMobile,14.3,1609127987079,1058,1057,4,YEP
5G-NSA-Low-Band,TMobile,14.31,1609128002447,1048,1048,4,YEP
5G-NSA-Low-Band,TMobile,14.32,1609128017815,1025,1025,4,YEP
5G-NSA-Low-Band,TMobile,14.33,1609128033170,1028,1028,4,YEP
5G-NSA-Low-Band,TMobile,14.34,1609128048538,1028,1028,4,YEP
5G-NSA-Low-Band,TMobile,14.35,1609128063917,1031,1031,4,YEP
5G-NSA-Low-Band,TMobile,14.36,1609128079308,976,975,4,YEP
5G-NSA-Low-Band,TMobile,14.37,1609128094654,1006,1005,4,YEP
5G-NSA-Low-Band,TMobile,14.38,1609128110040,400,399,4,BAD
5G-NSA-Low-Band,TMobile,14.39,1609128124829,1567,1567,4,YEP
5G-NSA-Low-Band,TMobile,14.4,1609128140797,936,935,4,YEP
5G-NSA-Low-Band,TMobile,14.41,1609128156142,952,952,4,YEP
5G-NSA-Low-Band,TMobile,14.42,1609128171515,953,953,4,YEP
5G-NSA-Low-Band,TMobile,14.43,1609128186898,921,921,4,BAD
5G-NSA-Low-Band,TMobile,14.44,1609128202259,921,920,4,BAD
5G-NSA-Low-Band,TMobile,14.45,1609128217630,927,926,4,BAD
5G-NSA-Low-Band,TMobile,14.46,1609128233017,874,874,4,YEP
5G-NSA-Low-Band,TMobile,14.47,1609128248361,894,893,4,YEP
5G-NSA-Low-Band,TMobile,14.48,1609128263734,883,883,4,YEP
5G-NSA-Low-Band,TMobile,14.49,1609128279108,868,868,4,YEP
5G-NSA-Low-Band,TMobile,14.5,1609128294476,867,866,4,YEP
5G-NSA-Low-Band,TMobile,14.51,1609128309853,844,843,4,YEP
5G-NSA-Low-Band,TMobile,14.52,1609128325217,853,853,4,YEP
5G-NSA-Low-Band,TMobile,14.53,1609128340600,809,809,4,YEP
5G-NSA-Low-Band,TMobile,14.54,1609128355949,826,825,4,YEP
5G-NSA-Low-Band,TMobile,14.55,1609128371325,800,799,4,YEP
5G-NSA-Low-Band,TMobile,14.56,1609128386684,811,811,4,YEP
5G-NSA-Low-Band,TMobile,14.57,1609128402066,788,787,4,YEP
5G-NSA-Low-Band,TMobile,14.58,1609128417433,765,766,4,YEP
5G-NSA-Low-Band,TMobile,14.59,1609128432789,786,786,4,YEP
5G-NSA-Low-Band,TMobile,14.6,1609128448175,775,774,4,YEP
5G-NSA-Low-Band,TMobile,14.61,1609128463560,742,741,4,YEP
5G-NSA-Low-Band,TMobile,14.62,1609128478922,728,727,4,YEP
5G-NSA-Low-Band,TMobile,14.63,1609128494279,736,736,4,YEP
5G-NSA-Low-Band,TMobile,14.64,1609128509656,740,740,4,YEP
5G-NSA-Low-Band,TMobile,14.65,1609128525046,270,269,4,BAD
5G-NSA-Low-Band,TMobile,14.66,1609128539976,300,299,4,BAD
5G-NSA-Low-Band,TMobile,14.67,1609128554945,372,372,4,BAD
5G-NSA-Low-Band,TMobile,14.68,1609128569998,526,526,4,YEP
5G-NSA-Low-Band,TMobile,14.69,1609128585214,685,684,4,YEP
5G-NSA-Low-Band,TMobile,14.7,1609128600599,657,656,4,YEP
5G-NSA-Low-Band,TMobile,14.71,1609128615965,638,638,4,YEP
5G-NSA-Low-Band,TMobile,14.72,1609128631323,652,652,4,YEP
5G-NSA-Low-Band,TMobile,14.73,1609128646705,635,635,4,YEP
5G-NSA-Low-Band,TMobile,14.74,1609128662080,618,619,4,YEP
5G-NSA-Low-Band,TMobile,14.75,1609128677449,594,593,4,YEP
5G-NSA-Low-Band,TMobile,14.76,1609128692802,616,617,4,YEP
5G-NSA-Low-Band,TMobile,14.77,1609128708189,573,572,4,YEP
5G-NSA-Low-Band,TMobile,14.78,1609128723542,582,581,4,YEP
5G-NSA-Low-Band,TMobile,14.79,1609128738914,585,584,4,YEP
5G-NSA-Low-Band,TMobile,14.8,1609128754299,559,558,4,YEP
5G-NSA-Low-Band,TMobile,14.81,1609128769668,547,547,4,YEP
5G-NSA-Low-Band,TMobile,14.82,1609128785035,542,541,4,YEP
5G-NSA-Low-Band,TMobile,14.83,1609128800406,534,534,4,YEP
5G-NSA-Low-Band,TMobile,14.84,1609128815781,499,498,4,YEP
5G-NSA-Low-Band,TMobile,14.85,1609128831130,528,527,4,YEP
5G-NSA-Low-Band,TMobile,14.86,1609128846518,518,518,4,YEP
5G-NSA-Low-Band,TMobile,14.87,1609128861906,464,463,4,YEP
5G-NSA-Low-Band,TMobile,14.88,1609128877249,480,480,4,BAD
5G-NSA-Low-Band,TMobile,14.89,1609128892620,5430,5429,4,BAD
5G-NSA-Low-Band,TMobile,14.9,1609128912950,638,637,4,BAD
5G-NSA-Low-Band,TMobile,14.91,1609128928498,1712,1711,4,YEP
5G-NSA-Low-Band,TMobile,14.92,1609128945130,1727,1727,4,YEP
5G-NSA-Low-Band,TMobile,14.93,1609128961787,1714,1713,4,YEP
5G-NSA-Low-Band,TMobile,14.94,1609128978441,1707,1706,4,YEP
5G-NSA-Low-Band,TMobile,14.95,1609128995098,1674,1673,4,YEP
5G-NSA-Low-Band,TMobile,14.96,1609129011732,1678,1677,4,YEP
5G-NSA-Low-Band,TMobile,14.97,1609129028380,1682,1681,4,YEP
5G-NSA-Low-Band,TMobile,14.98,1609129045042,1655,1654,4,YEP
5G-NSA-Low-Band,TMobile,14.99,1609129061686,1648,1649,4,YEP
5G-NSA-Low-Band,TMobile,15,1609129078335,1636,1636,4,YEP
5G-NSA-Low-Band,TMobile,15.01,1609129094981,1640,1639,4,YEP
5G-NSA-Low-Band,TMobile,15.02,1609129111640,1617,1617,4,BAD
5G-NSA-Low-Band,TMobile,15.03,1609129128287,1614,1614,4,YEP
5G-NSA-Low-Band,TMobile,15.04,1609129144942,1597,1596,4,YEP
5G-NSA-Low-Band,TMobile,15.05,1609129161588,1588,1589,4,YEP
5G-NSA-Low-Band,TMobile,15.06,1609129178237,329,329,4,BAD
5G-NSA-Low-Band,TMobile,15.07,1609129193636,1541,1541,4,YEP
5G-NSA-Low-Band,TMobile,15.08,1609129210257,1551,1551,4,YEP
5G-NSA-Low-Band,TMobile,15.09,1609129226898,1550,1550,4,BAD
5G-NSA-Low-Band,TMobile,15.1,1609129243548,1541,1541,4,BAD
5G-NSA-Low-Band,TMobile,15.11,1609129260199,850,850,4,BAD
5G-NSA-Low-Band,TMobile,15.12,1609129276170,922,922,4,BAD
5G-NSA-Low-Band,TMobile,15.13,1609129292222,1534,1533,4,YEP
5G-NSA-Low-Band,TMobile,15.14,1609129308896,1476,1475,4,YEP
5G-NSA-Low-Band,TMobile,15.15,1609129325522,1490,1489,4,YEP
5G-NSA-Low-Band,TMobile,15.16,1609129342172,1477,1476,4,YEP
5G-NSA-Low-Band,TMobile,15.17,1609129358819,1480,1479,4,YEP
5G-NSA-Low-Band,TMobile,15.18,1609129375478,1456,1456,4,YEP
5G-NSA-Low-Band,TMobile,15.19,1609129392124,1448,1449,4,YEP
5G-NSA-Low-Band,TMobile,15.2,1609129408773,1443,1442,4,YEP
5G-NSA-Low-Band,TMobile,15.21,1609129425426,1433,1432,4,YEP
5G-NSA-Low-Band,TMobile,15.22,1609129442079,1403,1403,4,BAD
5G-NSA-Low-Band,TMobile,15.23,1609129458712,1407,1407,4,YEP
5G-NSA-Low-Band,TMobile,15.24,1609129475359,1417,1416,4,YEP
5G-NSA-Low-Band,TMobile,15.25,1609129492025,1363,1364,4,YEP
5G-NSA-Low-Band,TMobile,15.26,1609129508649,1403,1402,4,YEP
5G-NSA-Low-Band,TMobile,15.27,1609129525322,1377,1376,4,YEP
5G-NSA-Low-Band,TMobile,15.28,1609129541979,1361,1361,4,YEP
5G-NSA-Low-Band,TMobile,15.29,1609129558630,1360,1359,4,YEP
5G-NSA-Low-Band,TMobile,15.3,1609129575290,1148,1148,4,BAD
5G-NSA-Low-Band,TMobile,15.31,1609129591748,304,303,4,BAD
5G-NSA-Low-Band,TMobile,15.32,1609129607372,1232,1231,4,BAD
5G-NSA-Low-Band,TMobile,15.33,1609129623933,1324,1325,4,YEP
5G-NSA-Low-Band,TMobile,15.34,1609129640598,1299,1298,4,YEP
5G-NSA-Low-Band,TMobile,15.35,1609129657247,1295,1294,4,YEP
5G-NSA-Low-Band,TMobile,15.36,1609129673902,1268,1267,4,YEP
5G-NSA-Low-Band,TMobile,15.37,1609129690539,1273,1273,4,YEP
5G-NSA-Low-Band,TMobile,15.38,1609129707192,1266,1266,4,YEP
5G-NSA-Low-Band,TMobile,15.39,1609129723849,1247,1246,4,YEP
5G-NSA-Low-Band,TMobile,15.4,1609129740495,1241,1241,4,YEP
5G-NSA-Low-Band,TMobile,15.41,1609129757147,390,389,4,BAD
5G-NSA-Low-Band,TMobile,15.42,1609129772957,799,798,4,YEP
5G-NSA-Low-Band,TMobile,15.43,1609129789185,1210,1211,4,YEP
5G-NSA-Low-Band,TMobile,15.44,1609129805836,1180,1179,4,YEP
5G-NSA-Low-Band,TMobile,15.45,1609129822466,1188,1188,4,YEP
5G-NSA-Low-Band,TMobile,15.46,1609129839114,1204,1203,4,YEP
5G-NSA-Low-Band,TMobile,15.47,1609129855788,1146,1145,4,YEP
5G-NSA-Low-Band,TMobile,15.48,1609129872414,1155,1154,4,YEP
5G-NSA-Low-Band,TMobile,15.49,1609129889059,1150,1149,4,YEP
5G-NSA-Low-Band,TMobile,15.5,1609129905708,1170,1171,4,YEP
5G-NSA-Low-Band,TMobile,15.51,1609129922389,420,419,4,BAD
5G-NSA-Low-Band,TMobile,15.52,1609129938328,109,109,4,BAD
5G-NSA-Low-Band,TMobile,15.53,1609129953968,1524,1523,4,BAD
5G-NSA-Low-Band,TMobile,15.54,1609129971032,1096,1096,4,YEP
5G-NSA-Low-Band,TMobile,15.55,1609129987678,1094,1093,4,YEP
5G-NSA-Low-Band,TMobile,15.56,1609130004331,1072,1072,4,YEP
5G-NSA-Low-Band,TMobile,15.57,1609130020973,1084,1084,4,YEP
5G-NSA-Low-Band,TMobile,15.58,1609130037638,1056,1056,4,YEP
5G-NSA-Low-Band,TMobile,15.59,1609130054284,1045,1044,4,YEP
5G-NSA-Low-Band,TMobile,15.6,1609130070928,1054,1054,4,YEP
5G-NSA-Low-Band,TMobile,15.61,1609130087592,1007,1008,4,YEP
5G-NSA-Low-Band,TMobile,15.62,1609130104220,1032,1032,4,YEP
5G-NSA-Low-Band,TMobile,15.63,1609130120883,1016,1016,4,YEP
5G-NSA-Low-Band,TMobile,15.64,1609130137539,994,993,4,YEP
5G-NSA-Low-Band,TMobile,15.65,1609130154182,991,991,4,YEP
5G-NSA-Low-Band,TMobile,15.66,1609130170834,983,983,4,YEP
5G-NSA-Low-Band,TMobile,15.67,1609130187487,969,969,4,YEP
5G-NSA-Low-Band,TMobile,15.68,1609130204136,942,941,4,YEP
5G-NSA-Low-Band,TMobile,15.69,1609130220768,961,960,4,YEP
5G-NSA-Low-Band,TMobile,15.7,1609130237429,967,966,4,YEP
5G-NSA-Low-Band,TMobile,15.71,1609130254106,94,93,4,BAD
5G-NSA-Low-Band,TMobile,15.72,1609130279920,642,641,4,OUT
5G-NSA-Low-Band,TMobile,15.73,1609130296292,967,966,4,BAD
5G-NSA-Low-Band,TMobile,15.74,1609130312998,897,897,4,YEP
5G-NSA-Low-Band,TMobile,15.75,1609130329646,889,888,4,YEP
5G-NSA-Low-Band,TMobile,15.76,1609130346294,880,880,4,YEP
5G-NSA-Low-Band,TMobile,15.77,1609130362945,868,867,4,YEP
5G-NSA-Low-Band,TMobile,15.78,1609130379592,862,863,4,YEP
5G-NSA-Low-Band,TMobile,15.79,1609130396245,838,837,4,YEP
5G-NSA-Low-Band,TMobile,15.8,1609130412883,854,853,4,YEP
5G-NSA-Low-Band,TMobile,15.81,1609130429547,823,822,4,YEP
5G-NSA-Low-Band,TMobile,15.82,1609130446190,810,809,4,YEP
5G-NSA-Low-Band,TMobile,15.83,1609130462829,847,848,4,YEP
5G-NSA-Low-Band,TMobile,15.84,1609130479517,779,780,4,YEP
5G-NSA-Low-Band,TMobile,15.85,1609130496147,789,790,4,BAD
5G-NSA-Low-Band,TMobile,15.86,1609130512797,800,799,4,YEP
5G-NSA-Low-Band,TMobile,15.87,1609130529466,752,752,4,BAD
5G-NSA-Low-Band,TMobile,15.88,1609130546099,771,770,4,YEP
5G-NSA-Low-Band,TMobile,15.89,1609130562760,742,741,4,YEP
5G-NSA-Low-Band,TMobile,15.9,1609130579402,736,735,4,YEP
5G-NSA-Low-Band,TMobile,15.91,1609130596047,731,732,4,YEP
5G-NSA-Low-Band,TMobile,15.92,1609130612699,716,715,4,BAD
5G-NSA-Low-Band,TMobile,15.93,1609130629345,717,716,4,BAD
5G-NSA-Low-Band,TMobile,15.94,1609130646002,693,693,4,BAD
5G-NSA-Low-Band,TMobile,15.95,1609130662645,712,712,4,YEP
5G-NSA-Low-Band,TMobile,15.96,1609130679317,673,673,4,YEP
5G-NSA-Low-Band,TMobile,15.97,1609130695960,647,647,4,YEP
5G-NSA-Low-Band,TMobile,15.98,1609130712588,673,673,4,YEP
5G-NSA-Low-Band,TMobile,15.99,1609130729251,640,639,4,YEP
5G-NSA-Low-Band,TMobile,16,1609130745891,635,634,4,YEP
5G-NSA-Low-Band,TMobile,16.01,1609130762535,633,633,4,YEP
5G-NSA-Low-Band,TMobile,16.02,1609130779188,622,623,4,YEP
5G-NSA-Low-Band,TMobile,16.03,1609130795841,616,616,4,YEP
5G-NSA-Low-Band,TMobile,16.04,1609130812497,582,583,4,YEP
5G-NSA-Low-Band,TMobile,16.05,1609130829130,613,613,4,YEP
5G-NSA-Low-Band,TMobile,16.06,1609130845803,570,569,4,YEP
5G-NSA-Low-Band,TMobile,16.07,1609130862443,587,587,4,YEP
5G-NSA-Low-Band,TMobile,16.08,1609130879110,560,559,4,YEP
5G-NSA-Low-Band,TMobile,16.09,1609130895760,525,525,4,YEP
5G-NSA-Low-Band,TMobile,16.1,1609130912385,550,550,4,YEP
5G-NSA-Low-Band,TMobile,16.11,1609130929045,535,535,4,YEP
5G-NSA-Low-Band,TMobile,16.12,1609130945700,521,520,4,YEP
5G-NSA-Low-Band,TMobile,16.13,1609130962351,110,109,4,BAD
5G-NSA-Low-Band,TMobile,16.14,1609130978600,113,114,4,BAD
5G-NSA-Low-Band,TMobile,16.15,1609130994864,1265,1265,4,YEP
5G-NSA-Low-Band,TMobile,16.16,1609131012289,490,489,4,YEP
5G-NSA-Low-Band,TMobile,16.17,1609131028949,462,462,4,YEP
5G-NSA-Low-Band,TMobile,16.18,1609131045591,464,463,4,YEP
5G-NSA-Low-Band,TMobile,16.19,1609131062245,1726,1725,4,YEP
5G-NSA-Low-Band,TMobile,16.2,1609131080171,1728,1727,4,YEP
5G-NSA-Low-Band,TMobile,16.21,1609131098109,110,109,4,BAD
5G-NSA-Low-Band,TMobile,16.22,1609131114439,711,711,4,YEP
5G-NSA-Low-Band,TMobile,16.23,1609131131380,1702,1701,4,YEP
5G-NSA-Low-Band,TMobile,16.24,1609131149322,1704,1704,4,YEP
5G-NSA-Low-Band,TMobile,16.25,1609131167276,1648,1647,4,YEP
5G-NSA-Low-Band,TMobile,16.26,1609131185184,1661,1660,4,YEP
5G-NSA-Low-Band,TMobile,16.27,1609131203115,1656,1655,4,YEP
5G-NSA-Low-Band,TMobile,16.28,1609131221051,1633,1633,4,YEP
5G-NSA-Low-Band,TMobile,16.29,1609131238974,1637,1638,4,YEP
5G-NSA-Low-Band,TMobile,16.3,1609131256912,1622,1622,4,YEP
5G-NSA-Low-Band,TMobile,16.31,1609131274844,1619,1619,4,YEP
5G-NSA-Low-Band,TMobile,16.32,1609131292783,651,651,4,BAD
5G-NSA-Low-Band,TMobile,16.33,1609131309764,399,398,4,BAD
5G-NSA-Low-Band,TMobile,16.34,1609131326502,266,267,4,BAD
5G-NSA-Low-Band,TMobile,16.35,1609131343119,1171,1171,4,YEP
5G-NSA-Low-Band,TMobile,16.36,1609131360650,1597,1596,4,YEP
5G-NSA-Low-Band,TMobile,16.37,1609131378617,1543,1543,4,YEP
5G-NSA-Low-Band,TMobile,16.38,1609131396540,1516,1515,4,YEP
5G-NSA-Low-Band,TMobile,16.39,1609131414446,1529,1529,4,YEP
5G-NSA-Low-Band,TMobile,16.4,1609131432375,1499,1498,4,YEP
5G-NSA-Low-Band,TMobile,16.41,1609131450284,1533,1532,4,YEP
5G-NSA-Low-Band,TMobile,16.42,1609131468236,1505,1505,4,YEP
5G-NSA-Low-Band,TMobile,16.43,1609131486172,1469,1469,4,YEP
5G-NSA-Low-Band,TMobile,16.44,1609131504081,1492,1493,4,YEP
5G-NSA-Low-Band,TMobile,16.45,1609131522024,1479,1479,4,YEP
5G-NSA-Low-Band,TMobile,16.46,1609131539963,1440,1440,4,YEP
5G-NSA-Low-Band,TMobile,16.47,1609131557873,1456,1457,4,YEP
5G-NSA-Low-Band,TMobile,16.48,1609131575810,1444,1445,4,YEP
5G-NSA-Low-Band,TMobile,16.49,1609131593745,1452,1452,4,YEP
5G-NSA-Low-Band,TMobile,16.5,1609131611697,1413,1412,4,YEP
5G-NSA-Low-Band,TMobile,16.51,1609131629620,1390,1390,4,YEP
5G-NSA-Low-Band,TMobile,16.52,1609131647530,399,399,4,BAD
5G-NSA-Low-Band,TMobile,16.53,1609131664460,110,110,4,BAD
5G-NSA-Low-Band,TMobile,16.54,1609131681110,1114,1113,4,BAD
5G-NSA-Low-Band,TMobile,16.55,1609131698774,1349,1349,4,YEP
5G-NSA-Low-Band,TMobile,16.56,1609131716683,1374,1374,4,YEP
5G-NSA-Low-Band,TMobile,16.57,1609131734627,1343,1343,4,YEP
5G-NSA-Low-Band,TMobile,16.58,1609131752550,1367,1366,4,YEP
5G-NSA-Low-Band,TMobile,16.59,1609131770507,1303,1302,4,YEP
5G-NSA-Low-Band,TMobile,16.6,1609131788410,1324,1324,4,YEP
5G-NSA-Low-Band,TMobile,16.61,1609131806344,1312,1312,4,YEP
5G-NSA-Low-Band,TMobile,16.62,1609131824276,1303,1303,4,YEP
5G-NSA-Low-Band,TMobile,16.63,1609131842209,1308,1307,4,YEP
5G-NSA-Low-Band,TMobile,16.64,1609131860157,1257,1256,4,DIS
5G-NSA-Low-Band,TMobile,16.65,1609131878063,1266,1266,4,YEP
5G-NSA-Low-Band,TMobile,16.66,1609131895990,1271,1271,4,YEP
5G-NSA-Low-Band,TMobile,16.67,1609131913931,1245,1245,4,YEP
5G-NSA-Low-Band,TMobile,16.68,1609131931856,1234,1234,4,YEP
5G-NSA-Low-Band,TMobile,16.69,1609131949780,1238,1238,4,YEP
5G-NSA-Low-Band,TMobile,16.7,1609131967718,1237,1237,4,YEP
5G-NSA-Low-Band,TMobile,16.71,1609131985666,755,755,4,BAD
5G-NSA-Low-Band,TMobile,16.72,1609132003141,326,326,4,BAD
5G-NSA-Low-Band,TMobile,16.73,1609132020198,388,387,4,BAD
5G-NSA-Low-Band,TMobile,16.74,1609132037326,752,752,4,YEP
5G-NSA-Low-Band,TMobile,16.75,1609132054828,1146,1147,4,YEP
5G-NSA-Low-Band,TMobile,16.76,1609132072735,1164,1164,4,YEP
5G-NSA-Low-Band,TMobile,16.77,1609132090669,1147,1147,4,YEP
5G-NSA-Low-Band,TMobile,16.78,1609132108596,1137,1137,4,YEP
5G-NSA-Low-Band,TMobile,16.79,1609132126524,1128,1128,4,YEP
5G-NSA-Low-Band,TMobile,16.8,1609132144452,1120,1120,4,YEP
5G-NSA-Low-Band,TMobile,16.81,1609132162382,290,290,4,BAD
5G-NSA-Low-Band,TMobile,16.82,1609132179492,643,642,4,YEP
5G-NSA-Low-Band,TMobile,16.83,1609132196965,1096,1095,4,YEP
5G-NSA-Low-Band,TMobile,16.84,1609132214900,1071,1071,4,YEP
5G-NSA-Low-Band,TMobile,16.85,1609132232822,1068,1067,4,BAD
5G-NSA-Low-Band,TMobile,16.86,1609132250750,1051,1051,4,YEP
5G-NSA-Low-Band,TMobile,16.87,1609132268671,1066,1066,4,YEP
5G-NSA-Low-Band,TMobile,16.88,1609132286617,1024,1024,4,YEP
5G-NSA-Low-Band,TMobile,16.89,1609132304532,1040,1040,4,YEP
5G-NSA-Low-Band,TMobile,16.9,1609132322472,1023,1023,4,YEP
5G-NSA-Low-Band,TMobile,16.91,1609132340405,107,106,4,BAD
5G-NSA-Low-Band,TMobile,16.92,1609132357432,343,342,4,BAD
5G-NSA-Low-Band,TMobile,16.93,1609132374705,1269,1268,4,BAD
5G-NSA-Low-Band,TMobile,16.94,1609132392914,980,980,4,BAD
5G-NSA-Low-Band,TMobile,16.95,1609132410844,957,956,4,YEP
5G-NSA-Low-Band,TMobile,16.96,1609132428760,970,970,4,YEP
5G-NSA-Low-Band,TMobile,16.97,1609132446701,953,953,4,YEP
5G-NSA-Low-Band,TMobile,16.98,1609132464634,946,945,4,YEP
5G-NSA-Low-Band,TMobile,16.99,1609132482570,916,915,4,YEP
5G-NSA-Low-Band,TMobile,17,1609132500485,396,396,4,BAD
5G-NSA-Low-Band,TMobile,17.01,1609132517892,1439,1439,4,YEP
5G-NSA-Low-Band,TMobile,17.02,1609132536351,910,909,4,YEP
5G-NSA-Low-Band,TMobile,17.03,1609132554291,905,904,4,YEP
5G-NSA-Low-Band,TMobile,17.04,1609132572235,185,185,4,BAD
5G-NSA-Low-Band,TMobile,17.05,1609132589471,1544,1543,4,BAD
5G-NSA-Low-Band,TMobile,17.06,1609132608075,857,856,4,YEP
5G-NSA-Low-Band,TMobile,17.07,1609132626002,853,853,4,YEP
5G-NSA-Low-Band,TMobile,17.08,1609132643935,341,340,4,BAD
5G-NSA-Low-Band,TMobile,17.09,1609132661365,1328,1329,4,YEP
5G-NSA-Low-Band,TMobile,17.1,1609132679794,65,64,4,BAD
5G-NSA-Low-Band,TMobile,17.11,1609132696969,189,188,4,BAD
5G-NSA-Low-Band,TMobile,17.12,1609132714278,373,372,4,BAD
5G-NSA-Low-Band,TMobile,17.13,1609132731781,162,162,4,BAD
5G-NSA-Low-Band,TMobile,17.14,1609132749083,639,638,4,YEP
5G-NSA-Low-Band,TMobile,17.15,1609132766872,780,779,4,YEP
5G-NSA-Low-Band,TMobile,17.16,1609132784811,756,756,4,YEP
5G-NSA-Low-Band,TMobile,17.17,1609132802737,742,742,4,YEP
5G-NSA-Low-Band,TMobile,17.18,1609132820660,750,749,4,YEP
5G-NSA-Low-Band,TMobile,17.19,1609132838600,721,720,4,YEP
5G-NSA-Low-Band,TMobile,17.2,1609132856520,725,726,4,YEP
5G-NSA-Low-Band,TMobile,17.21,1609132874456,710,709,4,YEP
5G-NSA-Low-Band,TMobile,17.22,1609132892385,694,694,4,YEP
5G-NSA-Low-Band,TMobile,17.23,1609132910310,696,695,4,YEP
5G-NSA-Low-Band,TMobile,17.24,1609132928245,684,684,4,YEP
5G-NSA-Low-Band,TMobile,17.25,1609132946180,668,667,4,YEP
5G-NSA-Low-Band,TMobile,17.26,1609132964108,650,649,4,YEP
5G-NSA-Low-Band,TMobile,17.27,1609132982027,666,666,4,YEP
5G-NSA-Low-Band,TMobile,17.28,1609132999973,645,645,4,YEP
5G-NSA-Low-Band,TMobile,17.29,1609133017908,631,631,4,YEP
5G-NSA-Low-Band,TMobile,17.3,1609133035839,125,125,4,BAD
5G-NSA-Low-Band,TMobile,17.31,1609133053274,1099,1100,4,BAD
5G-NSA-Low-Band,TMobile,17.32,1609133071694,586,585,4,BAD
5G-NSA-Low-Band,TMobile,17.33,1609133089610,601,600,4,BAD
5G-NSA-Low-Band,TMobile,17.34,1609133107550,588,588,4,YEP
5G-NSA-Low-Band,TMobile,17.35,1609133125488,546,546,4,YEP
5G-NSA-Low-Band,TMobile,17.36,1609133143394,579,579,4,YEP
5G-NSA-Low-Band,TMobile,17.37,1609133161343,535,536,4,YEP
5G-NSA-Low-Band,TMobile,17.38,1609133179259,558,557,4,YEP
5G-NSA-Low-Band,TMobile,17.39,1609133197206,530,530,4,YEP
5G-NSA-Low-Band,TMobile,17.4,1609133215137,520,519,4,YEP
5G-NSA-Low-Band,TMobile,17.41,1609133233066,531,532,4,YEP
5G-NSA-Low-Band,TMobile,17.42,1609133251018,500,499,4,YEP
5G-NSA-Low-Band,TMobile,17.43,1609133268947,469,469,4,YEP
5G-NSA-Low-Band,TMobile,17.44,1609133286856,466,466,4,YEP
5G-NSA-Low-Band,TMobile,17.45,1609133304773,94,93,4,BAD
5G-NSA-Low-Band,TMobile,17.46,1609133322327,850,849,4,BAD
5G-NSA-Low-Band,TMobile,17.47,1609133340646,1729,1729,4,YEP
5G-NSA-Low-Band,TMobile,17.48,1609133359856,1641,1640,4,BAD
5G-NSA-Low-Band,TMobile,17.49,1609133378987,236,235,4,BAD
5G-NSA-Low-Band,TMobile,17.5,1609133396722,100,100,4,BAD
5G-NSA-Low-Band,TMobile,17.51,1609133414333,997,997,4,BAD
5G-NSA-Low-Band,TMobile,17.52,1609133432850,1688,1687,4,BAD
5G-NSA-Low-Band,TMobile,17.53,1609133452068,1664,1663,4,YEP
5G-NSA-Low-Band,TMobile,17.54,1609133471272,1654,1653,4,YEP
5G-NSA-Low-Band,TMobile,17.55,1609133490475,1662,1662,4,YEP
5G-NSA-Low-Band,TMobile,17.56,1609133509697,1633,1633,4,YEP
5G-NSA-Low-Band,TMobile,17.57,1609133528900,1632,1632,4,BAD
5G-NSA-Low-Band,TMobile,17.58,1609133548112,1634,1634,4,YEP
5G-NSA-Low-Band,TMobile,17.59,1609133567337,1603,1602,4,YEP
5G-NSA-Low-Band,TMobile,17.6,1609133586539,1591,1591,4,YEP
5G-NSA-Low-Band,TMobile,17.61,1609133605741,1595,1594,4,YEP
5G-NSA-Low-Band,TMobile,17.62,1609133624956,1579,1578,4,YEP
5G-NSA-Low-Band,TMobile,17.63,1609133644165,1563,1562,4,YEP
5G-NSA-Low-Band,TMobile,17.64,1609133663368,1572,1571,4,YEP
5G-NSA-Low-Band,TMobile,17.65,1609133682589,1549,1549,4,YEP
5G-NSA-Low-Band,TMobile,17.66,1609133701799,1533,1532,4,YEP
5G-NSA-Low-Band,TMobile,17.67,1609133721001,130,131,4,BAD
5G-NSA-Low-Band,TMobile,17.68,1609133738812,264,263,4,BAD
5G-NSA-Low-Band,TMobile,17.69,1609133756766,93,93,4,BAD
5G-NSA-Low-Band,TMobile,17.7,1609133774559,210,209,4,BAD
5G-NSA-Low-Band,TMobile,17.71,1609133792479,1733,1733,4,YEP
5G-NSA-Low-Band,TMobile,17.72,1609133811932,1473,1473,4,YEP
5G-NSA-Low-Band,TMobile,17.73,1609133831135,1480,1479,4,YEP
5G-NSA-Low-Band,TMobile,17.74,1609133850355,1460,1459,4,YEP
5G-NSA-Low-Band,TMobile,17.75,1609133869565,1452,1451,4,YEP
5G-NSA-Low-Band,TMobile,17.76,1609133888776,1436,1436,4,YEP
5G-NSA-Low-Band,TMobile,17.77,1609133907982,1430,1430,4,YEP
5G-NSA-Low-Band,TMobile,17.78,1609133927192,1417,1417,4,YEP
5G-NSA-Low-Band,TMobile,17.79,1609133946400,1413,1412,4,YEP
5G-NSA-Low-Band,TMobile,17.8,1609133965613,1407,1407,4,YEP
5G-NSA-Low-Band,TMobile,17.81,1609133984830,1387,1386,4,YEP
5G-NSA-Low-Band,TMobile,17.82,1609134004036,1397,1397,4,YEP
5G-NSA-Low-Band,TMobile,17.83,1609134023264,1344,1343,4,YEP
5G-NSA-Low-Band,TMobile,17.84,1609134042447,1371,1371,4,YEP
5G-NSA-Low-Band,TMobile,17.85,1609134061668,1338,1338,4,YEP
5G-NSA-Low-Band,TMobile,17.86,1609134080867,135,135,4,BAD
5G-NSA-Low-Band,TMobile,17.87,1609134098872,186,185,4,BAD
5G-NSA-Low-Band,TMobile,17.88,1609134116938,188,187,4,BAD
5G-NSA-Low-Band,TMobile,17.89,1609134135016,956,955,4,YEP
5G-NSA-Low-Band,TMobile,17.9,1609134153872,1314,1313,4,YEP
5G-NSA-Low-Band,TMobile,17.91,1609134173095,1274,1275,4,YEP
5G-NSA-Low-Band,TMobile,17.92,1609134192290,1288,1288,4,YEP
5G-NSA-Low-Band,TMobile,17.93,1609134211508,1264,1263,4,YEP
5G-NSA-Low-Band,TMobile,17.94,1609134230711,1269,1269,4,YEP
5G-NSA-Low-Band,TMobile,17.95,1609134249931,1247,1247,4,YEP
5G-NSA-Low-Band,TMobile,17.96,1609134269138,1239,1239,4,YEP
5G-NSA-Low-Band,TMobile,17.97,1609134288347,1225,1225,4,YEP
5G-NSA-Low-Band,TMobile,17.98,1609134307553,1225,1225,4,YEP
5G-NSA-Low-Band,TMobile,17.99,1609134326768,1190,1189,4,YEP
5G-NSA-Low-Band,TMobile,18,1609134345958,1238,1237,4,YEP
5G-NSA-Low-Band,TMobile,18.01,1609134365206,1172,1171,4,YEP
5G-NSA-Low-Band,TMobile,18.02,1609134384398,1178,1177,4,YEP
5G-NSA-Low-Band,TMobile,18.03,1609134403605,1173,1173,4,YEP
5G-NSA-Low-Band,TMobile,18.04,1609134422818,1155,1155,4,BAD
5G-NSA-Low-Band,TMobile,18.05,1609134442024,475,474,4,BAD
5G-NSA-Low-Band,TMobile,18.06,1609134460559,541,541,4,BAD
5G-NSA-Low-Band,TMobile,18.07,1609134479170,1130,1129,4,YEP
5G-NSA-Low-Band,TMobile,18.08,1609134498380,1116,1116,4,YEP
5G-NSA-Low-Band,TMobile,18.09,1609134517586,130,129,4,BAD
5G-NSA-Low-Band,TMobile,18.1,1609134535816,803,802,4,BAD
5G-NSA-Low-Band,TMobile,18.11,1609134554729,1084,1083,4,YEP
5G-NSA-Low-Band,TMobile,18.12,1609134573932,1086,1086,4,YEP
5G-NSA-Low-Band,TMobile,18.13,1609134593149,1073,1072,4,YEP
5G-NSA-Low-Band,TMobile,18.14,1609134612361,390,390,4,BAD
5G-NSA-Low-Band,TMobile,18.15,1609134630902,87,86,4,BAD
5G-NSA-Low-Band,TMobile,18.16,1609134649149,1387,1386,4,YEP
5G-NSA-Low-Band,TMobile,18.17,1609134668705,1022,1023,4,YEP
5G-NSA-Low-Band,TMobile,18.18,1609134687908,85,84,4,BAD
5G-NSA-Low-Band,TMobile,18.19,1609134706183,687,687,4,YEP
5G-NSA-Low-Band,TMobile,18.2,1609134725070,981,980,4,YEP
5G-NSA-Low-Band,TMobile,18.21,1609134744261,989,988,4,YEP
5G-NSA-Low-Band,TMobile,18.22,1609134763469,239,239,4,BAD
5G-NSA-Low-Band,TMobile,18.23,1609134781938,330,330,4,BAD
5G-NSA-Low-Band,TMobile,18.24,1609134800509,1068,1068,4,BAD
5G-NSA-Low-Band,TMobile,18.25,1609134819827,944,943,4,BAD
5G-NSA-Low-Band,TMobile,18.26,1609134839031,967,967,4,YEP
5G-NSA-Low-Band,TMobile,18.27,1609134858268,891,890,4,YEP
5G-NSA-Low-Band,TMobile,18.28,1609134877438,925,925,4,YEP
5G-NSA-Low-Band,TMobile,18.29,1609134896653,925,926,4,YEP
5G-NSA-Low-Band,TMobile,18.3,1609134915879,887,886,4,YEP
5G-NSA-Low-Band,TMobile,18.31,1609134935076,903,903,4,YEP
5G-NSA-Low-Band,TMobile,18.32,1609134954299,882,882,4,YEP
5G-NSA-Low-Band,TMobile,18.33,1609134973511,872,871,4,YEP
5G-NSA-Low-Band,TMobile,18.34,1609134992723,837,836,4,YEP
5G-NSA-Low-Band,TMobile,18.35,1609135011910,866,865,4,YEP
5G-NSA-Low-Band,TMobile,18.36,1609135031136,844,844,4,YEP
5G-NSA-Low-Band,TMobile,18.37,1609135050350,828,829,4,YEP
5G-NSA-Low-Band,TMobile,18.38,1609135069559,822,821,4,YEP
5G-NSA-Low-Band,TMobile,18.39,1609135088771,805,804,4,YEP
5G-NSA-Low-Band,TMobile,18.4,1609135107975,91,92,4,BAD
5G-NSA-Low-Band,TMobile,18.41,1609135126477,324,323,4,BAD
5G-NSA-Low-Band,TMobile,18.42,1609135145221,140,139,4,BAD
5G-NSA-Low-Band,TMobile,18.43,1609135163791,1309,1308,4,YEP
5G-NSA-Low-Band,TMobile,18.44,1609135183540,750,750,4,YEP
5G-NSA-Low-Band,TMobile,18.45,1609135202740,760,759,4,YEP
5G-NSA-Low-Band,TMobile,18.46,1609135221960,730,729,4,YEP
5G-NSA-Low-Band,TMobile,18.47,1609135241160,757,757,4,YEP
5G-NSA-Low-Band,TMobile,18.48,1609135260397,694,693,4,YEP
